"","APIACEAE","ASTERX","BETULACEAE","BOTRYCHIUM","BRASSICACEAE","CAMPANULACEA","CANNABACEAE","CAPRIFOLIA","CARYOPHYLL","CHENOAMX","CORNUS","CUPRESSA","CYPERACE","ELAEAGNX","EPHEDRACEAE","ERICACEX","ERICALES","EUPHORB","FABACEAE","FAGACEAE","JUGLANDACEAE","LILIACEAE","MALVACEAE","MORACEAX","MYRICACX","OLEACEAE","ONAGRACEAE","PINACEAE","PLANTAGINX","PLATANACEAE","POACEAE","POLEMONI","POLYGONAX","RANUNCUL","RHAMNACEAE","ROSACEAX","RUBIACEAE","SALICACEAE","SAPINDACEAE","SARCOBATACEAE","SCROPHUL","SXFRAGAX","TAXACEAE","ULMACEAE","URTICACX","VISICACEAE"
"1",0,0.5830903798,5.9766764641,0.1449275315,0,0,0,0,0,0,0,0,0,0,0,0,0,0,0,0,0,0.1457725912,0,0,0,0,0,93.1486895083,0,0,0,0,0,0,0,0,0,0,0,0,0.1457725912,0,0,0,0,0
"2",0,0,2,0,0,0,0,0,0,8,0,2,12,0,0,0,0,0,0,0,0,0,0,0,0,0,0,943,0,0,35,0,0,0,0,0,0,2,0,0,0,0,0,0,0,0
"3",1,25,4,0,6,0,0,0,1,0.5,0,0.5,0,0,0,0,0,0,2,0,0,0.5,0,0,0,0,0,33.5,0,0,21,0.5,1,0.5,0,4.5,0,0,0,0,0,2,0,0,0,0
"4",0,2.5,1,0,0,0,0,0,0,0,0,0.5,0,0,0,0,0,0,0.5,0,0,0,0,0,0,0,0,94,0,0,2,0,0,0,0,0.5,0,0,0,0,0,0,0,0,0,0
"5",0.5,50,1.5,0,0,0,0,0,0,1,0,0.5,0,0,0,0.5,0,0,0,0,0,0,0,0,0,0,0,38.5,0,0,6,0.5,0,0,0,0.5,0,0,0,0,0,1,0,0,0,0
"6",0,1,2,0,0,0,0,0,0,0,0,0.5,0,0,0,0,0,0,0,0,0,0,0,0,0,0,0,96,0,0,1,0,0,0,0,0,0,0,0,0,0,0,0,0,0,0
"7",0,45,0,0,0,0,0,0,0,6,0,5,0,0,0,0,0,0,0,0,0,0,0,0,0,0,0,31,0,0,10,0,0,0,0,2,0,0,0,1,0,0,0,0,0,0
"8",0,61,0,0,0,0,0,0,6,7,0,5,0,0,0,0,0,0,0,0,0,0,0,0,0,0,0,7,0,0,9,0,0,0,0,3,0,0,0,1,0,0,0,0,0,0
"9",0,59,0,0,0,0,0,0,0,4,0,1,0,0,0,0,0,0,2,0,0,0,0,0,0,0,0,18,0,0,15,0,0,0,0,1,0,0,0,1,0,0,0,0,0,0
"10",0,59,0,0,0,0,0,0,0,6,0,2,0,0,0,0,0,0,0,0,0,0,0,0,0,0,0,18,0,0,14,0,0,0,0,1,0,0,0,0,0,0,0,0,0,0
"11",1,41,0,0,0,0,0,0,0,5,0,0,0,0,0,0,0,0,1,0,0,0,0,0,0,0,0,24,0,0,22,0,0,0,0,1,0,0,0,0,0,0,0,0,0,0
"12",0,52,0,0,1,0,0,0,4,5,0,3,0,0,0,0,0,0,0,0,0,0,0,0,0,0,0,29,0,0,3,0,0,0,0,0,0,0,0,0,0,0,0,0,0,0
"13",1,52,0,0,0,0,0,0,1,12,0,2,0,0,0,0,0,0,0,0,0,0,0,0,0,0,0,19,0,0,10,0,1,0,0,1,0,0,0,2,0,0,0,0,0,0
"14",0,41,0,0,0,0,0,0,1,7,0,7,0,0,0,0,0,0,3,0,0,0,0,0,0,0,0,29,0,0,7,0,1,0,0,0,0,0,0,0,0,0,0,0,0,0
"15",1,50,0,0,0,0,0,0,0,10,0,4,0,0,0,0,0,0,0,0,0,0,0,0,0,0,0,23,0,0,5,0,0,0,0,1,0,0,0,0,0,0,0,0,0,0
"16",0,46,0,0,0,0,0,0,1,5,0,1,0,0,0,0,0,0,1,0,0,0,0,0,0,0,0,37,0,0,4,0,2,0,0,0,0,0,0,1,0,0,0,0,0,0
"17",2,44,0,0,1,0,0,0,0,6,0,2,0,0,0,0,0,0,1,0,0,0,0,0,0,0,0,8,0,0,8,0,0,0,23,0,0,0,0,0,0,0,0,0,0,0
"18",0,61,0,0,3,0,0,0,1,3,0,2,0,0,0,0,0,0,1,0,0,0,0,0,0,0,0,19,0,0,8,0,0,0,0,0,0,0,0,1,0,0,0,0,0,0
"19",0,43,1,0,0,0,0,0,0,7,0,4,0,0,0,0,0,0,0,0,0,0,0,0,0,0,0,19,0,0,12,0,0,0,6,1,0,0,0,1,0,0,0,0,0,0
"20",1,56,0,0,0,0,0,0,0,9,0,8,0,0,0,0,0,0,1,0,0,0,0,0,0,0,0,7,0,0,6,0,0,0,9,1,0,0,0,1,0,0,0,0,0,0
"21",1,45,0,0,0,0,0,0,0,10,0,6,0,0,0,0,0,0,0,0,0,0,0,0,0,0,0,13,0,0,9,0,1,0,13,1,0,0,0,0,0,0,0,0,0,0
"22",1,43,0,0,0,0,0,0,0,10,0,6,0,0,0,0,0,0,0,0,0,0,0,0,0,0,0,29,0,0,4,0,0,0,0,1,0,0,0,1,0,0,0,0,0,0
"23",0,13,2,0,0,0,0,0,0,5,0,4,0,0,0,0,0,0,0,0,0,0,0,0,0,0,0,73,0,0,3,0,0,0,0,0,0,0,0,1,0,0,0,0,0,0
"24",0,46,0,0,0,0,0,0,0,9,0,5,0,0,0,0,0,0,0,0,0,0,0,0,0,0,0,32,0,0,5,0,0,0,0,1,0,0,0,0,0,0,0,0,0,0
"25",0,33,0,0,0,0,0,0,0,6,0,4,0,0,0,0,0,0,0,0,0,0,0,0,0,0,0,50,0,0,5,0,0,0,0,1,0,0,0,1,0,0,0,0,0,0
"26",0,26,0,0,0,0,0,0,0,9,0,7,0,0,0,0,0,0,0,0,0,0,0,0,0,0,0,48,0,0,4,0,0,0,0,0,0,1,0,1,0,0,0,0,0,0
"27",0,58,1,0,0,0,0,0,0,6,0,1,0,0,0,0,0,0,0,0,0,0,0,0,0,0,0,12,0,0,5,0,0,0,10,1,0,0,0,2,0,0,0,0,0,0
"28",0,30,0,0,1,0,0,0,0,8,0,1,0,0,0,0,0,0,0,0,0,0,0,0,0,0,0,46,0,0,6,0,2,0,0,0,0,0,0,0,0,0,0,0,0,0
"29",0,35,0,0,0,0,0,0,0,3,0,4,0,0,0,0,0,0,0,0,0,0,0,0,0,0,0,2,0,0,1,0,0,0,0,54,0,0,0,0,0,0,0,0,0,0
"30",0,47,1,0,0,0,0,0,0,5,0,10,0,0,0,0,0,0,0,0,0,0,0,0,0,0,0,4,0,0,11,0,0,0,0,20,0,0,0,1,0,0,0,0,0,0
"31",0,44,1,0,1,0,0,0,0,4,0,2,0,0,0,0,0,0,0,0,0,0,0,0,0,0,0,1,0,0,2,0,0,0,0,42,0,0,0,0,0,0,0,0,0,0
"32",0,44,0,0,0,0,0,0,0,4,0,3,0,0,0,0,0,0,0,0,0,0,0,0,0,0,0,7,0,0,3,0,0,0,0,36,0,0,0,0,0,0,0,0,0,0
"33",0,51,1,0,0,0,0,0,0,8,0,8,0,0,0,0,0,0,0,0,0,0,0,0,0,0,0,5,0,0,8,0,0,0,0,16,0,0,0,0,0,0,0,0,0,0
"34",0,36,1,0,0,0,0,0,0,3,0,7,0,0,0,0,0,0,0,0,0,0,0,0,0,0,0,14,0,0,5,0,0,0,0,32,0,0,0,0,0,0,0,0,0,0
"35",11,59,0,0,0,0,0,0,1,8,0,3,0,0,0,0,0,0,3,0,0,0,0,0,0,0,0,6,0,0,7,0,0,0,0,0,0,0,0,1,0,0,0,0,0,0
"36",0,44,1,0,1,0,0,0,0,4,0,21,0,0,0,0,0,0,0,0,0,0,0,0,0,0,0,13,0,0,14,0,0,0,0,0,0,0,0,1,0,0,0,0,0,0
"37",0,46,2,0,1,0,0,0,0,8,0,21,0,0,0,0,0,0,0,0,0,0,0,0,0,0,0,11,0,0,5,0,0,0,1,2,0,0,0,1,0,0,0,0,0,0
"38",5,40,0,0,0,0,0,0,0,3,0,16,0,0,0,0,0,0,0,0,0,0,0,0,0,0,0,10,0,0,24,0,0,0,0,0,0,0,0,1,0,0,0,0,0,0
"39",0,45,1,0,0,0,0,0,0,8,0,28,0,0,0,0,0,0,0,0,0,0,0,0,0,0,0,5,0,0,11,0,0,0,0,0,0,0,0,1,0,0,0,0,0,0
"40",0,41,0,0,0,0,0,0,0,6,0,38,0,0,0,0,0,0,0,0,0,0,0,0,0,0,0,5,0,0,7,0,0,0,0,0,0,0,0,0,0,0,0,0,0,0
"41",0,56,0,0,0,0,0,0,0,9,0,16,0,0,0,0,0,0,0,0,0,0,0,0,0,0,0,14,0,0,3,0,0,0,0,0,0,0,0,1,0,0,0,0,0,0
"42",0,45,0,0,0,0,0,0,0,10,0,6,0,0,0,0,0,0,0,0,0,0,0,0,0,0,0,18,0,0,16,0,1,0,0,1,0,0,0,1,0,0,0,0,0,0
"43",1,59,0,0,0,0,0,0,1,4,0,3,0,0,0,0,0,0,0,0,0,0,0,0,0,0,0,9,0,0,23,0,0,0,0,0,0,0,0,1,0,0,0,0,0,0
"44",0,62,0,0,0,0,0,0,0,6,0,3,0,0,0,0,0,0,0,0,0,0,0,0,0,0,0,10,0,0,18,0,0,0,0,0,0,0,0,0,0,0,0,0,0,0
"45",0,52,0,0,0,0,0,0,0,6,0,6,0,0,0,0,0,0,0,0,0,0,0,0,0,0,0,9,0,0,24,0,0,0,0,0,0,0,0,2,0,0,0,0,0,0
"46",2,45,0,0,0,0,0,0,0,6,0,1,0,0,0,0,0,0,1,0,0,0,0,0,0,0,0,34,0,0,7,0,0,0,0,0,0,0,0,1,0,0,0,0,0,0
"47",0,54,0,0,0,0,0,0,0,7,0,7,0,0,0,0,0,0,0,0,0,0,0,0,0,0,0,13,0,0,17,0,0,0,0,1,0,0,0,1,0,0,0,0,0,0
"48",0,48,1,0,0,0,0,0,0,8,0,6,0,0,0,0,0,0,0,0,0,0,0,0,0,0,0,3,0,0,32,0,0,0,0,0,0,0,0,1,0,0,0,0,0,0
"49",0,60,1,0,0,0,0,0,1,8,0,2,0,0,0,0,0,0,0,0,0,0,0,0,0,0,0,18,0,0,9,0,0,0,0,0,0,0,0,1,0,0,0,0,0,0
"50",0,54,0,0,0,0,0,0,0,8,0,9,0,0,0,0,0,0,0,0,0,0,0,0,0,0,0,13,0,0,14,0,0,0,0,1,0,0,0,0,0,0,0,0,0,0
"51",0,60,0,0,1,0,0,0,1,7,0,1,0,0,0,0,0,0,0,0,0,0,0,0,0,0,0,11,0,0,17,0,0,0,0,0,0,0,0,1,0,0,0,0,0,0
"52",3,69,0,0,0,0,0,0,0,5,0,2,0,0,0,0,0,0,0,0,0,0,0,0,0,0,0,8,0,0,10,0,0,0,0,0,0,0,0,1,0,0,0,0,0,0
"53",0,86,0,0,0,0,0,0,0,1,0,1,0,0,0,0,0,0,0,0,0,0,0,0,0,0,0,4,0,0,5,0,0,0,0,0,0,0,0,0,0,0,0,0,0,0
"54",0,87,0,0,0,0,0,0,0,2,0,4,0,0,0,0,0,0,0,0,0,0,0,0,0,0,0,2,0,0,4,0,0,0,0,0,0,0,0,0,0,0,0,0,0,0
"55",0,31,0,0,1,0,0,0,0,44,0,4,0,0,0,0,0,0,0,0,0,0,0,0,0,0,0,12,0,0,5,0,0,0,0,0,0,0,0,2,0,0,0,0,0,0
"56",0,26,0,0,0,0,0,0,0,36,0,5,0,0,0,0,0,0,0,0,0,0,0,0,0,0,0,12,0,0,10,0,0,0,0,0,0,0,0,10,0,0,0,0,0,0
"57",7,43,0,0,0,0,0,0,1,5,0,0,0,0,0,0,0,0,1,0,0,0,0,0,0,0,0,34,0,0,5,0,1,0,0,0,0,0,0,1,0,0,0,0,0,0
"58",0,55,0,0,1,0,0,0,0,30,0,3,0,0,0,0,0,0,0,0,0,0,0,0,0,0,0,4,0,0,8,0,0,0,0,0,0,0,0,1,0,0,0,0,0,0
"59",0,30,0,0,0,0,0,0,0,25,0,1,0,0,0,0,0,0,0,0,0,0,0,0,0,0,0,6,0,0,3,0,0,0,0,0,0,0,0,34,0,0,0,0,0,0
"60",0,24,0,0,0,0,0,0,0,41,0,5,0,0,0,0,0,0,0,0,0,0,0,0,0,0,0,7,0,0,6,0,0,0,0,0,0,0,0,18,0,0,0,0,0,0
"61",0,47,1,0,0,0,0,0,0,30,0,4,0,0,0,0,0,0,0,0,0,0,0,0,0,0,0,10,0,0,0,0,0,0,0,1,0,0,0,6,0,0,0,0,0,0
"62",10,51,0,0,0,0,0,0,0,3,0,0,0,0,0,0,0,0,0,0,0,0,0,0,0,0,0,30,0,0,4,0,0,0,0,0,0,0,0,1,0,0,0,0,0,0
"63",0,54,0,0,0,0,0,0,1,6,0,3,0,0,0,0,0,0,2,0,0,0,0,0,0,0,0,17,0,0,14,0,0,0,0,0,0,0,0,1,0,0,0,0,0,0
"64",0,2,74,0,0,0,0,0,0,0,0,0,0,0,0,0,0,0,0,0,0,0,0,0,0,2,0,13,0,0,4,0,0,0,0,0,0,0,0,0,0,0,0,0,0,0
"65",0,6,84,0,0,0,0,0,0,0,0,28,0,0,0,16,0,0,0,0,0,0,0,0,0,0,0,250,0,0,4,0,0,0,0,2,0,3,0,0,0,2,0,0,0,0
"66",0,0,28,0,0,0,0,0,0,0,0,2,14,0,0,2,0,0,0,0,0,0,0,0,0,0,1,546,0,0,0,0,0,0,0,0,0,4,0,0,0,0,0,0,0,0
"67",0,5,65,0,0,0,0,0,1,0,0,21,30,0,0,8,0,0,0,0,0,0,0,0,0,0,0,413,0,0,31,0,0,5,0,0,0,0,0,0,0,0,0,0,0,0
"68",0,8,9,0,0,0,0,0,0,0,0,0,0,0,0,0,0,0,0,0,0,0,0,1,0,0,0,367,0,0,1,0,1,8,0,5,0,0,0,0,0,0,0,0,0,0
"69",0,0,199,0,0,0,0,0,0,0,0,19,27,0,0,0,0,0,0,0,0,0,0,0,0,0,1,294,0,0,1,0,0,0,0,0,0,7,0,0,0,0,0,0,0,0
"70",2,42,9,0,1,0,0,0,0,3,0,5,4,0,0,0,0,0,0,0,0,0,0,0,0,0,0,324,0,0,15,0,0,4,0,2,0,25,0,0,0,0,0,0,0,0
"71",0,12,19,0,0,0,0,0,0,0,0,8,0,0,0,2,0,0,0,0,0,0,0,0,0,0,0,526,0,0,2,0,0,0,0,1,0,1,0,0,0,0,0,0,0,0
"72",0,2,6,0,0,0,0,0,0,0,0.1,14,20,0,0,12,0,0,0,0,0,0,0,0,0,0,0,42,0,0,0,0,0,0,0,0,0,0,0,0,0,0,0,0,0,0
"73",48,188,43.5,0,1,0,0,0,0,0,0,0,0,0,0,0,0,0,4,0,0,2,0,0,0,0,1,26.5,0,0,0,0,0,0,0,0,0,0,74.5,0,0,0,0,0,0,0
"74",0,4,40,0,0,0,0,0,0,0,0,6,0,0,0,0,0,0,0,1,0,0,0,0,0,0,0,324,0,0,19,0,0,0,0,5,0,3,0,0,0,0,0,0,0,0
"75",0,366,23,0,0,0,0,0,0,44,0,11,8,0,0,0,0,0,0,0,0,0,0,0,13,0,0,366,0,0,65,0,0,0,0,0,0,0,0,0,0,0,0,0,0,0
"76",0,2,72,0,0,0,0,0,0,1,0,1,0,0,0,1,0,0,0,0,0,0,0,0,0,0,0,7,1,0,0,0,0,0,0,0,0,0,0,0,0,0,0,0,0,0
"77",0,1.41,1.13,0,0,0,0,0,0,0,0,2.25,0,0,0,0,0,0,0,5.07,0,0.28,0,0,0,0,0,85.64,0,0,0.28,0,0,0,0.56,0,0,0,0,0.28,0,0,0,0,0,0
"78",0,2,250,0,0,0,0,0,0,0,0,33,6,0,0,0,0,0,0,0,0,0,0,0,0,0,0,260,0,0,1,0,0,0,0,0,0,1,0,0,0,0,0,0,0,0
"79",0,2,19,0,0,0,0,0,0,0,0,37,12,0,0,2,0,0,0,24,0,0,0,0,0,0,0,286,0,0,3,0,1,0,3,13,0,1,2,0,0,0,0,0,0,0
"80",0,5,63,0,0,0,0,0,1,3,0,3,0,0,0,0,0,0,0,4,0,2,0,0,0,0,0,306,0,0,13,0,0,0,0,2,0,43,0,0,0,0,0,0,0,0
"81",0,0,32,0,0,0,0,0,0,0,0,3,0,0,0,7,0,0,0,0,0,0,0,0,0,0,0,384,0,0,0,0,0,0,0,0,0,0,0,0,0,0,0,0,0,0
"82",0,14,3,0,2,0,0,0,0,0,0,0,4,0,0,1,1,0,0,0,0,5,0,0,0,0,0,296,0,0,3,0,0,0,0,0,0,0,0,0,0,0,0,0,0,0
"83",0,1,59,0,0,0,0,0,0,0,0,5,3,0,0,0,0,0,0,0,0,0,0,0,0,0,0,464,0,0,0,0,0,2,0,0,0,3,0,0,0,0,0,0,0,0
"84",0,3,59,0,0,0,0,0,0,1,0,34,1,0,0,0,0,0,0,7,0,0,0,0,1,9,0,86,0,0,28,0,5,0,2,6,0,7,1,0,0,0,1,0,0,0
"85",0,99,0,0,4,0,0,0,0,89,0,59,0,0,0,0,0,2,0,0,0,0,0,0,0,0,0,63,0,0,26,0,4,0,1,6,0,0,0,35,0,0,0,0,0,0
"86",0,0,19,0,0,0,0,0,0,0,0,27,137,0,0,12,0,0,0,1,0,0,0,0,11,0,0,147,0,0,20,0,0,0,0,0,0,0,0,0,0,0,0,0,0,0
"87",0,206,31,0,0,0,0,0,0,0,0,2,0,0,0,0,0,0,0,0,0,0,0,0,0,0,0,660,0,0,48,0,0,0,0,0,0,0,0,0,0,0,0,0,0,0
"88",0,22,12,0,0,0,0,0,0,0,0,0,0,0,0,0,0,0,0,0,0,0,0,0,0,0,0,291,0,0,18,0,0,0,0,0,0,0,0,0,0,0,0,0,0,0
"89",0,57,9,0,0,0,0,0,0,3,0,1,0,0,0,0,0,0,0,0,0,0,0,0,0,0,0,258,0,0,37,0,0,0,0,0,0,2,0,0,0,0,0,0,0,1
"90",0,16,6,0,0,0,0,0,0,0,0,3,3,0,0,0,0,0,0,0,0,0,0,0,0,0,0,941,0,0,29,0,0,0,0,0,0,0,0,0,0,0,0,0,0,0
"91",0,0,7,0,0,0,0,0,0,0,0,1,0,0,0,0,0,0,0,0,0,0,0,0,0,0,0,337,0,0,22,0,0,0,0,0,0,0,0,0,0,0,0,0,0,0
"92",0,10,9,0,0,0,0,0,0,1,0,0,0,0,0,0,0,0,0,0,0,0,0,0,0,0,0,269,0,0,49,0,0,0,0,0,0,0,0,0,0,0,0,0,0,0
"93",0,19,22,0,0,0,0,0,0,0,0,0,0,0,0,0,0,0,0,0,0,0,0,0,0,0,0,308,0,0,7,0,0,0,0,0,0,0,0,0,0,0,0,0,0,0
"94",0,1,15,0,0,0,0,0,0,1,0,1,11,1,0,1,0,0,0,0,0,0,0,0,0,0,0,291,0,0,0,0,0,0,0,0,0,0,0,1,0,0,0,0,0,0
"95",0,1,17,0,0,0,0,0,0,1,0,0,1,0,0,0,0,0,0,1,0,0,0,0,0,0,0,301,0,0,0,0,0,0,0,0,0,0,0,0,0,0,0,0,0,0
"96",0,2,512,0,0,0,0,0,0,2,0,216,0,0,0,6,0,0,0,0,0,0,0,0,7,0,0,155,4,0,45,0,0,0,0,0,0,5,6,0,0,0,0,0,0,0
"97",0,2,346,0,0,0,0,0,0,0,0,484,2,0,0,0,0,0,0,1,0,0,0,0,0,0,0,177,0,0,5,0,0,0,0,0,0,12,0,0,0,0,0,0,0,0
"98",0,2,47,0,0,0,0,0,0,0,0,16,0,0,0,0,0,0,0,0,0,0,0,0,1,0,0,291,0,0,32,0,1,0,0,0,0,5,0,0,0,0,0,0,0,0
"99",0,1,35,0,0,0,0,0,0,0,0,103,3,0,0,38,0,0,0,0,0,0,0,0,10,0,0,211,0,0,11,0,0,0,0,0,0,1,0,0,0,0,0,0,0,0
"100",0,1,3,0,0,0,0,0,0,0,0,1,0,0,0,0,0,0,0,0,0,0,0,0,0,0,0,82,0,0,3,0,0,0,0,0,0,2,0,0,0,0,0,0,0,0
"101",0,0,170,0,0,0,0,0,0,0,0,0,10,0,0,40,0,0,0,0,0,0,0,0,0,0,0,460,0,0,0,0,0,0,0,0,0,0,0,0,0,0,0,0,0,0
"102",0,2,275,0,0,0,0,0,0,2,0,5,26,0,0,0,0,0,0,0,0,0,0,0,3,0,0,621,0,5,19,0,0,0,0,0,0,31,0,0,0,0,0,0,0,0
"103",0,0,0,0,0,0,0,0,0,0,0,12,0,0,0,0,0,0,0,0,0,0,0,0,0,0,0,335,0,0,0,0,0,0,0,0,0,0,0,0,0,0,0,0,0,0
"104",0,0,11,0,0,0,0,0,0,0,0,336,0,0,0,2,0,0,0,0,0,0,0,0,0,0,0,275,0,0,0,0,0,1,0,0,0,0,0,0,0,0,0,0,0,0
"105",0,9,9,0,1,0,0,0,0,0,0,52,0,2,0,0,0,0,0,3,0,0,0,0,0,2,0,262,0,0,25,0,5,0,3,25,0,4,0,0,0,0,0,0,0,1
"106",0,8,87,0,1,0,0,0,0,1,0,109,0,0,0,0,0,0,0,1,0,0,0,0,0,0,0,182,0,0,5,0,2,0,1,2,0,2,1,0,0,0,0,0,0,0
"107",0,4,100,0,0,0,0,0,0,0,0,0,77,0,0,0,0,0,0,0,0,0,0,0,0,0,0,225,0,0,2,0,0,1,0,4,0,7,0,0,0,1,0,0,0,0
"108",0,2,2,0,0,0,0,0,0,0,0,0,4,0,0,0,0,0,0,0,0,0,0,0,0,0,0,974,0,0,12,0,0,0,0,0,0,2,0,0,0,0,0,0,0,0
"109",0,14.2,92.6,0,0,0,0,0,0,0,0,0,0,0,0,0,0,0,0,0,0,0,0,0,0,0,0,886.2,0,0,0,0,0,0,0,0,0,7.1,0,0,0,0,0,0,0,0
"110",0,0,13,0,0,0,0,0,0,0,0,5,3,0,0,0,0,0,0,0,0,0,0,0,0,0,0,50,0,0,1,0,0,0,0,0,0,4,0,0,0,0,0,0,0,0
"111",1,1,169,0,0,0,0,0,0,0,0,21,4,0,0,0,0,0,0,0,0,0,0,0,0,0,0,327,0,0,2,0,0,1,0,2,0,19,0,0,0,0,0,0,0,0
"112",0,27,22,0,0,1,0,0,1,3,0,7,15,0,0,1,0,0,0,6,0,0,0,0,0,1,0,298,0,0,10,0,2,2,0,13,0,1,7,0,0,0,0,0,0,1
"113",0,2,27,0,0,0,0,0,0,0,0,18,0,0,0,11,0,0,0,0,0,0,0,0,0,0,0,186,0,0,0,0,0,0,0,6,0,0,0,0,0,0,0,0,0,0
"114",81,42,36,0,0,0,0,0,0,0,0,0,0,0,0,0,0,0,0,0,0,0,0,0,0,0,0,12,0,0,0,0,0,0,0,0,0,1,166,0,0,0,0,0,0,0
"115",0,3,102,0,0,0,0,0,0,2,1,64,27,0,0,0,0,0,0,8,2,0,0,0,0,34,0,163,0,0,22,0,3,3,5,14,0,30,5,0,0,0,0,0,0,0
"116",0,0,140,0,0,1,0,0,0,0,0,13,0,0,0,0,0,0,2,0,0,0,0,0,0,0,0,125,0,0,1,0,2,0,0,2,0,5,0,0,0,0,0,0,0,0
"117",0,1,45,0,0,0,0,0,0,0,0,23,5,0,0,0,0,0,0,0,0,0,0,0,0,0,0,465,0,0,0,0,0,0,0,0,0,0,1,0,0,0,0,0,0,0
"118",0,1,82,0,0,0,0,0,0,0,0,12,5,0,0,0,0,0,0,0,0,0,0,0,0,0,0,444,0,0,0,0,0,0,0,0,0,0,0,0,0,0,0,0,0,0
"119",0,1,108,0,0,0,0,0,0,0,0,9,1,0,0,0,0,0,0,0,0,0,0,0,0,0,0,421,0,0,1,0,0,0,0,0,0,3,0,0,0,0,0,0,0,0
"120",0,10,100,0,0,0,0,0,0,0,0,4,0,0,0,0,0,0,0,9,0,0,0,0,0,0,0,262,0,0,2,0,12,0,0,4,0,3,1,0,0,0,0,0,0,0
"121",0,3,176,0,2,0,0,0,0,0,0,32,14,1,0,0,0,0,0,0,0,0,0,0,0,0,0,707,0,0,0,0,0,0,0,1,0,7,0,0,0,0,0,0,0,0
"122",0,16,105,0,0,0,0,0,0,0,0,0,5,0,0,0,0,0,0,0,0,0,0,0,0,0,0,343,0,0,22,0,9,0,0,0,0,5,0,0,0,20,0,0,0,0
"123",2,0,16,0,0,0,0,0,0,0,1,90,5,0,0,7,0,0,0,0,0,0,0,0,0,0,0,477,0,0,6,0,0,0,0,0,0,2,0,0,0,0,0,0,0,0
"124",0,0,35,0,0,0,0,0,0,0,0,5,152,0,0,0,0,0,0,0,0,0,0,0,0,0,0,796,0,0,2,0,0,0,0,0,0,0,0,0,0,0,0,0,0,0
"125",0,0,2,0,0,0,0,0,0,0,0,8,34,0,0,0,0,0,0,0,0,0,0,0,0,0,0,943,0,0,80,0,0,0,0,0,0,0,0,0,0,0,0,0,0,1
"126",0,0,2,0,0,0,0,0,0,3,0,26,3,0,0,0,0,0,0,0,0,0,0,0,0,0,0,1037,0,0,4,0,0,0,0,0,0,0,0,0,0,0,0,0,0,1
"127",2,4,53,0,0,0,0,0,0,9,0,2,24,1,0,0,0,0,0,0,0,0,0,0,0,0,0,99,0,0,61,0,0,1,0,0,0,2,1,2,0,3,0,0,0,0
"128",1,35,10,0,0,0,0,0,0,3,0,111,6,0,0,0,0,0,0,0,1,0,1,0,0,1,0,191,0,0,37,0,0,1,0,7,0,4,0,0,0,0,0,0,0,0
"129",0,10,3,0,0,0,0,0,0,0,0,0,1,0,0,0,0,0,0,0,0,0,0,0,0,0,0,283,0,0,4,0,1,0,0,4,0,0,0,1,0,0,0,0,0,0
"130",0,6,8,0,0,0,0,0,2,2,0,0,44,0,0,2,0,0,0,0,0,0,0,0,0,0,0,24,0,0,6,0,2,0,0,0,0,2,0,0,0,0,0,0,0,0
"131",2,27,12,0,0,0,0,0,2,2,0,0,21,0,0,2,0,0,0,0,0,0,0,0,0,0,0,22,0,0,3,0,2,0,0,0,0,2,0,0,0,0,0,0,0,0
"132",0,37,14,0,0,0,0,0,2,0,0,0,13,0,0,2,0,0,0,0,0,0,0,0,0,0,0,22,0,0,2,0,0,0,0,0,0,2,0,0,0,0,0,0,0,0
"133",0,8,9,0,0,0,0,0,2,2,0,0,8,0,0,55,0,0,0,0,0,0,0,0,0,0,0,9,0,0,2,0,0,0,0,0,0,2,0,0,0,0,0,0,0,0
"134",0,33,15,0,0,0,0,0,2,2,0,2,8,0,0,8,0,0,0,0,0,0,0,0,0,0,0,18,2,0,2,0,2,0,0,0,0,2,0,0,0,0,0,0,0,0
"135",0,11,21,0,0,0,0,0,0,0,0,1,0,0,0,2,0,0,0,0,0,0,0,0,0,0,0,657,0,0,2,0,0,5,0,0,0,0,0,0,0,0,0,0,0,0
"136",0,1,109,0,0,0,0,0,0,0,0,6,3,0,0,0,0,0,0,0,0,0,0,0,0,0,0,433,0,0,2,0,0,0,0,0,0,13,0,0,0,0,0,0,0,0
"137",0,24,0,0,0,0,0,0,1,0,3,2,1,0,0,0,0,0,0,0,0,0,0,0,0,0,0,371,0,0,0,0,0,0,0,1,0,0,1,0,0,0,0,0,0,0
"138",0,5,59,1,0,0,0,0,0,2,1,17,7,0,0,0,0,0,0,0,0,0,0,0,0,0,0,417,0,0,6,0,0,0,0,1,0,6,0,0,0,0,0,0,0,0
"139",0,38,37,0,0,1,0,0,0,4,0,30,93,0,0,0,0,0,0,0,0,0,0,0,0,0,0,268,0,0,13,0,1,0,0,3,0,39,0,0,0,0,0,0,0,3
"140",0,0,55,0,0,0,0,0,0,0,0,2,0,0,0,0,0,0,0,0,0,0,0,0,0,0,0,35,0,0,2,0,0,0,0,0,0,0,0,0,0,0,0,0,0,2
"141",0,0,57,0,0,0,0,0,0,0,0,2,0,0,0,0,0,0,0,0,0,0,0,0,0,2,0,26,2,0,2,0,2,0,0,0,0,0,0,0,0,0,0,0,0,0
"142",0,0,81,0,0,0,0,0,0,0,0,2,0,0,0,0,0,0,0,0,0,0,0,0,0,0,0,10,2,0,2,0,0,0,0,0,0,0,2,0,0,0,0,0,0,0
"143",0,2,63,0,0,0,0,0,0,2,0,2,0,0,0,0,0,0,0,0,0,0,0,0,0,2,0,15,2,0,6,0,0,0,0,0,0,2,2,0,0,0,0,0,0,2
"144",1,5,17,0,0,0,0,0,0,2,0,136,28,0,0,0,0,0,0,7,1,0,0,0,0,4,0,200,0,0,19,0,0,0,3,8,0,4,2,0,0,0,0,0,0,0
"145",1,7,15,0,0,0,0,0,0,1,0,0,2,0,0,0,0,0,0,12,0,0,0,0,0,0,0,196,0,0,7,0,0,0,0,0,0,0,0,0,0,0,0,0,0,0
"146",0,23,0,0,0,0,0,0,0,2,0,70,0,0,0,0,0,0,0,1,0,0,0,0,0,1,0,290,0,0,11,0,0,0,0,2,0,3,0,0,0,0,0,0,0,0
"147",0,1,76,0,0,0,0,0,0,0,0,12,1,0,0,0,0,0,0,0,0,0,0,0,0,0,0,289,0,0,1,0,0,0,0,0,0,6,0,0,0,0,0,0,0,0
"148",0,2,2,0,0,0,0,0,0,0,0,2,48,0,0,0,0,0,0,0,0,0,0,0,0,0,0,938,0,0,2,0,0,0,0,0,0,0,0,0,0,0,0,0,0,0
"149",0,1,183,0,0,0,0,0,0,0,0,91,33,0,0,1,0,0,0,0,0,0,0,0,1,0,0,153,0,0,0,0,0,0,0,1,0,0,0,0,0,0,0,0,0,0
"150",0,1,51,0,2,0,0,0,0,0,0,24,10,1,0,0,0,0,0,0,0,0,0,0,0,0,0,420,0,0,0,0,0,0,0,0,0,3,0,0,0,0,0,0,0,0
"151",0,21,1,0,0,0,0,0,0,0,0,28,57,0,0,0,0,0,0,2,0,0,0,0,0,0,0,326,0,0,11,0,0,0,2,2,0,30,3,2,0,0,0,0,0,1
"152",0,2,57,0,0,0,0,0,2,0,0,16,6,0,0,1,0,0,0,0,0,0,0,0,0,0,0,456,0,0,6,0,0,0,0,0,0,2,0,0,0,0,0,0,0,0
"153",0,1,5,0,0,0,0,0,0,0,0,0,16,0,0,0,0,0,0,0,0,0,0,0,0,0,0,482,0,0,1,0,0,0,0,0,0,0,0,0,0,0,0,0,0,0
"154",52,35,60,0,0,0,0,0,0,0,0,0,0,0,0,0,0,0,2,0,0,2,0,0,7,0,1,1.5,0,0,0,0,3,0,0,3,0,3,123.5,0,0,0,0,0,0,0
"155",189,88,49,0,0,0,0,0,0,0,0,0,0,0,0,0,0,0,9,0,0,0,0,0,0,0,0,8,0,0,0,0,0,0,0,4,0,2,79,0,0,0,0,0,0,0
"156",0,3,58,0,0,0,0,0,0,0,0,89,31,0,0,1,0,0,0,0,0,0,0,0,0,0,0,330,0,0,3,0,1,0,0,0,2,25,0,0,0,6,0,0,0,0
"157",4,6,232,0,0,0,0,0,0,1,0,17,4,0,0,0,0,0,0,0,0,5,0,0,0,10,0,38,0,0,222,0,0,1,0,1,0,7,0,0,0,1,0,0,0,0
"158",0,1,199,0,0,0,0,0,0,1,0,73,0,0,0,2,0,0,0,0,0,0,0,0,0,0,1,162,0,0,18,0,0,0,0,7,0,0,2,0,0,0,0,0,0,0
"159",0,0,44,0,0,0,0,0,0,0,0,16,2,0,0,1,0,0,0,0,0,0,0,0,0,0,0,35,0,0,4,0,0,0,0,0,0,0,1,0,0,0,0,0,0,0
"160",0,6,5,0,0,0,0,0,0,1,0,0,0,0,1,0,0,0,0,0,0,0,0,0,0,0,0,386,0,0,1,0,0,0,0,0,0,1,0,0,0,0,0,0,0,0
"161",48,60,54,0,0,0,0,0,0,0,0,0,0,0,0,0,0,0,2,1,0,1,0,0,0,0,0,17,0,0,0,0,1,0,0,0,0,2,181.5,0,0,0,0,0,0,0
"162",1,55,0,0,0,0,0,0,0,11,0,35,12,0,0,0,0,0,0,0,0,1,0,0,0,0,0,276,0,0,20,0,1,0,0,1,0,5,0,0,0,0,0,0,0,0
"163",2,32,1,0,0,0,0,0,0,22,0,135,31,0,0,0,0,0,0,1,0,0,1,0,0,0,0,198,0,0,4,0,1,0,0,1,0,7,0,0,0,0,0,0,0,0
"164",0,1,7,0,0,0,0,0,0,0,0,1,1,0,0,0,0,0,0,0,0,0,0,0,0,0,0,385,0,0,2,0,0,1,0,1,0,0,0,0,0,0,0,0,0,1
"165",0,2,87,0,0,0,0,0,0,1,0,89,11,0,0,0,0,0,0,0,0,0,0,0,0,0,0,301,0,0,0,0,0,0,0,0,0,5,0,0,0,0,0,0,0,0
"166",0,0.9,22.9,0,0,0,0,0,0,0.7,0,2.8,52.3,0.9,0,0,0,0,0,0,0,0,0,0,0,0,0,66.3,0,0,1.2,0,0,0.3,0,0.2,0,2.3,0,0,0,0.5,0,0,0,0.3
"167",0,30,23,0,0,0,0,0,0,2,0,1,0,0,1,0,0,0,0,1,0,0,0,0,0,0,0,309,0,0,22,0,0,0,3,2,0,186,2,4,0,0,0,0,0,0
"168",0,1,43,0,0,0,0,0,2,0,0,5,0,0,0,0,0,0,4,0,0,0,0,0,0,0,0,242,0,0,0,0,0,119,0,0,0,0,0,0,0,0,0,0,0,0
"169",0,1,25,0,0,0,0,0,0,0,0,11,22,0,0,0,0,0,0,0,0,0,0,0,0,0,0,439,0,0,4,0,0,0,0,0,0,2,0,0,0,1,0,0,0,0
"170",89,59,76.5,0,1,0,0,0,0,1,1,0,0,0,0,0,0,0,3,0,0,0,0,0,0,0,0,49,0,0,0,0,2,3,0,0,0,1,16.5,0,0,0,0,0,0,0
"171",1,30,23,0,0,0,0,0,0,2,0,1,3,0,1,0,0,0,0,1,0,0,0,0,0,0,0,309,0,0,22,0,0,0,3,2,0,186,2,4,0,0,0,0,0,0
"172",0,0,80,0,0,0,0,0,0,0,0,28,6,1,0,0,0,0,0,0,0,0,0,0,0,0,0,423,0,0,5,0,0,1,0,1,0,7,0,0,0,0,0,0,0,0
"173",0,12,29,0,0,0,0,0,0,6,0,0,2,0,0,0,0,0,0,0,0,0,0,0,0,0,0,415,0,0,0,0,0,0,0,0,0,2,0,0,0,0,0,0,0,0
"174",0,8,67,0,0,0,0,0,0,1,0,0,5,0,0,0,0,0,0,0,0,0,0,0,0,0,0,419,0,0,6,0,0,0,0,1,0,2,0,0,0,0,0,0,0,0
"175",0,0,0,0,0,0,0,0,0,0,0,4,126,0,0,0,0,0,0,0,0,0,0,0,0,0,0,140,0,0,31,0,0,0,0,0,0,23,0,0,0,0,0,0,0,0
"176",2,17,259,0,1,0,0,0,0,0,0,3,40,1,0,3,0,0,0,0,0,0,0,0,0,0,1,102.5,0,0,15,0,1,0,0,1,1,21,0,0,0,0,0,0,0,0
"177",1,0,170,0,0,0,0,0,0,0,0,54,0,0,0,0,0,0,0,0,0,0,0,0,1,0,0,262,0,0,0,0,0,0,0,3,0,0,0,0,0,0,0,0,0,0
"178",74,47,32.5,0,0,0,0,0,0,0,1,0,0,0,0,0,0,0,1,0,0,0,0,0,0,0,0,3.5,0,0,0,0,0,0,0,0,0,1,130.5,0,0,0,0,0,0,0
"179",0,2,57,0,0,0,0,0,4,1,1,0,25,0,0,0,0,0,0,0,0,0,0,0,0,0,0,236,0,0,15,0,4,1,0,0,0,5,0,0,0,12,0,0,0,0
"180",0,1,102,0,0,0,0,0,0,0,0,63,15,1,0,0,0,0,0,0,0,0,0,0,2,0,0,370,0,0,0,0,0,0,0,0,0,1,0,0,0,0,0,0,0,0
"181",0.2,0.4,28.1,0,0,0,0,0,0,0,0,26,0.5,0,0,0,0,0,0,1.5,0,0,0.2,0,3.1,0,0,32.9,0.7,0,1.9,0,0.5,0,0,0.7,0,1,0.5,0,0,0,0,0,0,0
"182",1,6,21,0,0,0,0,0,0,0,0,1,1,0,0,0,0,0,0,1,0,0,0,0,0,0,0,363,0,0,7,1,0,0,0,1,0,0,0,0,0,0,0,0,0,0
"183",0,8,3,0,0,0,0,0,0,1,0,4,5,0,0,2,0,0,0,0,0,0,0,0,0,0,0,355,0,0,14,0,0,4,1,5,0,0,0,1,0,0,0,0,0,0
"184",20,43,56.5,0,0,0,0,1,0,0,0,0,0,0,0,0,0,0,6,0,0,5,0,0,0,0,0,134,0,0,0,0,0,0,0,0,0,1,35,0,0,0,0,0,0,0
"185",34,77,45.5,0,1,0,0,0,0,0,0,0,0,0,0,0,0,0,1,1,0,0,0,0,0,1,0,44.5,0,0,0,0,0,0,0,0,0,0,132,0,0,0,0,0,0,0
"186",23,67,88,0,0,0,0,0,0,0,0,0,0,0,0,0,0,0,2,0,0,7,0,0,0,1,0,48,1,0,1,0,2,0,0,9,0,1,109,0,0,0,0,0,0,0
"187",3,19,85.5,0,0,0,0,0,0,0,0,0,0,0,0,0,0,0,0,0,0,1,0,0,0,0,0,71,0,0,0,0,0,0,0,0,0,1,120.5,0,0,0,0,0,0,0
"188",17,44,139.5,0,0,0,0,0,0,0,0,0,0,0,0,0,0,0,3,0,0,5,0,0,2,0,0,162.5,0,0,0,0,2,0,0,0,0,2,150.5,0,0,7,0,0,0,0
"189",35,73,117.5,0,0,0,0,0,0,0,1,0,0,0,0,0,0,0,0,0,0,1,0,0,0,0,0,26,0,0,0,0,0,0,0,0,0,1,402.5,0,0,1,0,0,0,0
"190",0,9,22,0,0,0,0,0,0,2,0,4,2,0,0,10,0,0,0,0,0,0,0,0,0,0,0,344,0,0,0,0,0,3,0,4,0,0,0,0,0,2,0,0,0,0
"191",0,0,31,0,0,0,0,0,0,2,0,2,5,0,0,0,0,0,0,0,0,0,0,0,0,0,0,377,0,0,3,0,0,0,0,1,0,1,0,0,0,0,0,0,0,0
"192",0,68,162,0,0,0,0,0,0,11,0,11,12,0,0,21,0,0,0,0,0,0,0,0,0,0,0,843,0,0,30,0,0,10,0,0,0,0,0,0,0,0,0,0,0,0
"193",0,0,41,0,0,0,0,0,0,0,0,1,5,0,0,0,0,0,0,0,0,0,0,0,0,0,0,498,0,0,2,0,0,0,0,0,0,2,0,0,0,0,0,0,0,0
"194",0,0,154,0,0,0,0,0,0,0,0,107,0,0,0,0,0,0,0,0,0,0,0,0,0,0,0,245,0,0,6,0,0,0,0,0,0,0,0,0,0,1,0,0,0,0
"195",2,7,40,0,0,0,0,0,0,1,0,35,3,0,0,0,0,0,0,0,0,0,0,0,0,5,1,294,0,0,10,0,0,0,1,2,0,12,4,0,0,0,0,0,0,1
"196",0,1,59,1,0,0,0,0,0,0,0,27,0,0,0,5,0,0,0,0,0,0,0,0,0,0,0,346,0,0,6,0,0,0,0,4,0,0,0,0,0,0,0,0,0,0
"197",0,1,0,0,2,0,0,0,0,90,0,0,0,0,0,0,0,0,0,0,0,0,0,0,0,0,0,2,0,0,2,0,0,0,0,0,0,0,0,0,0,0,0,0,0,0
"198",0,23,0,0,2,0,0,0,0,44,0,0,0,0,0,0,0,0,0,0,0,0,0,0,0,0,0,16,0,0,8,0,0,0,0,0,0,2,0,1,0,0,0,0,0,0
"199",0,10,1,0,0,0,0,0,0,64,0,1,0,0,0,0,0,0,0,0,0,0,0,0,0,0,0,11,0,0,8,0,0,0,0,0,0,2,0,1,0,0,0,0,0,0
"200",2,69,48.5,0,0,0,0,0,0,0,0,0,0,0,0,0,0,0,0,0,0,1,0,0,0,0,1,9,0,0,0,0,8,0,0,0,0,0,277.5,0,0,0,0,0,0,0
"201",0,1,86,0,0,0,0,0,0,0,0,20,7,1,0,0,0,0,0,0,0,0,0,0,0,0,0,468,0,0,0,0,0,0,0,0,0,2,0,0,0,3,0,0,0,0
"202",0,14,25,0,0,0,0,0,0,1,0,0,3,0,0,0,0,0,0,1,0,2,0,0,0,0,0,230,0,0,3,0,1,0,0,1,0,2,0,0,0,0,0,0,0,1
"203",0,1,95,0,0,0,0,0,0,0,0,3,5,0,0,0,0,0,0,0,0,0,0,0,0,0,0,538,1,0,2,0,0,0,0,0,0,7,0,0,0,0,0,0,0,0
"204",84,129,96.5,0,0,0,0,2,0,0,0,0,0,0,0,0,0,0,3,0,0,0,0,0,0,0,1,47.5,0,0,0,1,0,1,0,2,0,5,38.5,0,0,0,0,0,0,0
"205",0,53,5,0,0,0,0,0,1,12,0,0,2,0,0,0,0,0,0,0,0,0,0,0,0,0,0,310,0,0,18,0,0,0,0,0,0,0,0,0,0,0,0,0,0,0
"206",0,0,0,0,0,0,0,0,0,0,0,1,85,0,0,1,0,0,0,0,0,0,0,0,0,0,1,274,1,0,20,0,0,0,0,1,0,0,0,0,0,0,0,0,0,0
"207",0,3,29,0,0,0,0,0,0,0,0,11,12,0,0,0,0,0,0,0,0,0,0,0,0,0,1,473,0,0,1,0,0,0,0,0,0,1,0,0,0,0,0,0,0,0
"208",0,15,0,0,0,0,0,0,0,57,0,0,0,0,0,0,0,0,0,0,0,0,0,0,0,0,0,6,0,0,3,0,0,0,0,0,0,0,0,13,0,0,0,0,0,0
"209",0,49,0,0,0,0,0,0,0,14,0,1,0,0,1,0,0,0,0,0,0,0,0,0,0,0,0,19,0,0,8,0,0,0,0,0,0,0,0,0,0,0,0,0,0,0
"210",0,52,0,0,0,0,0,0,0,7,0,3,0,0,0,0,0,0,0,0,0,0,0,0,0,0,0,21,0,0,8,0,0,0,0,0,0,0,0,1,0,0,0,0,0,0
"211",47,116,67,0,0,0,0,0,0,0,2,0,0,0,0,0,0,0,0,0,0,1,0,0,0,0,1,5.5,0,0,0,0,1,0,0,0,0,0,155,0,0,0,0,0,0,0
"212",0,6,3,0,0,0,0,0,0,0,0,1,0,0,0,0,0,0,0,0,0,0,0,0,0,0,0,385,0,0,2,0,0,0,1,2,0,0,0,0,0,0,0,0,0,0
"213",0,4,40,0,0,0,0,0,0,0,0,6,3,0,0,0,0,0,0,1,0,0,0,0,0,0,0,324,0,0,19,0,0,0,0,5,0,3,0,0,0,0,0,0,0,0
"214",0,1,64,0,0,0,0,0,0,0,0,40,14,0,0,0,0,0,0,0,0,0,0,0,0,0,0,440,0,0,4,0,0,0,0,0,0,6,0,0,0,0,0,0,0,0
"215",0,18,10,0,0,0,0,0,1,3,0,1,0,0,0,0,0,0,0,0,0,0,0,0,0,1,0,290,0,0,31,0,0,0,0,0,0,0,0,0,0,0,0,0,0,0
"216",0,12,6,0,0,0,0,0,11,0,0,0,0,0,0,0,0,0,0,0,0,0,0,0,0,0,0,191,0,0,104,0,0,0,0,0,0,2,0,0,0,0,0,0,0,0
"217",0,29,6,0,0,0,0,0,2,41,0,0,3,0,0,0,0,0,0,0,0,0,0,0,0,0,0,200,0,0,101,0,0,1,0,2,0,0,0,0,0,0,0,0,0,0
"218",0,10,5,0,0,0,0,0,0,3,0,1,2,0,0,0,0,0,0,0,0,0,0,0,0,0,0,253,0,0,53,0,0,0,0,0,0,2,0,0,0,0,0,0,0,0
"219",0,35,12,0,0,0,0,0,2,6,0,0,8,0,0,0,0,0,0,0,0,0,0,0,0,0,0,326,0,0,50,0,0,0,0,0,0,3,0,0,0,0,0,0,0,0
"220",1,27,12,0,0,0,0,0,5,0,0,0,8,0,0,0,0,0,0,0,0,0,0,0,0,0,0,188,0,0,76,0,0,0,0,0,0,1,0,0,0,0,0,0,0,0
"221",0,14,7,0,0,0,0,0,0,4,0,1,2,0,0,0,0,0,0,0,0,0,0,0,0,0,0,266,0,0,42,0,0,0,0,0,0,1,0,0,0,0,0,0,0,0
"222",0,30,9,0,0,0,0,0,1,1,0,1,11,0,0,0,0,0,0,0,0,0,0,0,0,0,0,220,0,0,49,0,0,0,0,0,0,2,0,0,0,0,0,0,0,0
"223",1,70,2,0,0,0,0,0,0,6,0,0,2,0,0,0,0,0,0,0,0,0,0,0,0,0,0,198,0,0,42,0,0,3,0,0,0,0,0,2,0,0,0,0,0,0
"224",0,55,10,0,0,0,0,0,67,7,0,0,4,0,0,0,0,0,0,0,0,0,0,0,0,0,0,221,0,0,74,0,0,0,0,0,0,1,0,0,0,0,0,0,0,0
"225",0,28,5,0,0,0,0,0,1,3,0,0,5,0,0,0,0,0,0,0,0,0,0,0,0,0,0,192,0,0,87,0,0,0,0,0,0,0,0,0,0,0,0,0,0,0
"226",2,91,5,0,0,0,0,0,0,1,0,1,2,0,0,0,0,0,0,0,0,0,0,0,0,0,0,160,0,0,91,0,0,0,0,1,0,0,0,1,0,0,0,0,0,0
"227",0,47,3,0,0,0,0,0,0,107,0,42,27,0,1,0,0,0,0,0,0,0,1,0,0,1,2,66,0,0,101,0,1,0,7,3,0,8,1,20,0,0,0,0,0,0
"228",42,64,26,0,0,0,0,0,0,0,0,0,0,0,0,0,0,0,2,0,0,1,0,0,0,0,0,9.5,0,0,0,0,0,0,1,0,0,0,139.5,0,0,0,0,0,0,0
"229",0,1.23,1.66,0,0,0,0,0,0,0,0,4.98,0,0,0,0,0,0,0,7.05,0,0,0,0,0,0,0,73.02,0,0,0.41,0,0,0,1.66,0,0,0,0,0,0,0,0,0,0,0
"230",0,1.8,1,0.4,0,0,0,0,0.3,0,0,0,2.8,0,0,1,0,0,0,0,0,0,0,0,0,0,0,92.4,0,0,0,0,0,0,0,0.3,0,0,0,0,0,0,0,0,0,0
"231",0,10,273,0,0,0,0,0,0,0,0,0,20,0,0,0,0,0,0,0,0,0,0,0,0,0,0,207,0,0,0,0,0,0,0,4,0,3,0,0,0,0,0,0,0,0
"232",0,4,29,0,0,0,0,0,0,0,0,8,0,0,0,1,0,0,1,0,0,0,0,0,0,0,0,518,0,0,3,0,0,0,0,0,0,0,0,0,0,0,0,0,0,0
"233",0,0,98,0,0,0,0,0,0,0,0,43,9,0,0,0,0,0,0,0,0,0,0,0,0,0,0,323,0,0,0,0,0,0,0,0,0,1,0,0,0,0,0,0,0,0
"234",0,0,10,0,0,0,0,0,0,0,0,6,0,0,0,0,0,0,0,0,0,0,0,0,0,0,0,100,0,0,2,0,0,0,0,0,0,0,0,0,0,0,0,0,0,0
"235",0,0,24,0,0,0,0,0,0,0,0,5,4,0,0,0,0,0,0,0,0,0,0,0,0,0,0,498,0,0,0,0,0,0,0,0,0,4,0,0,0,0,0,0,0,0
"236",25,105,42,0,0,0,0,0,0,0,0,0,0,0,0,0,0,0,0,0,0,1,0,0,0,0,0,21,0,0,0,1,0,0,0,1,0,0,93,0,0,0,0,0,0,0
"237",38,39,22.5,0,0,0,0,0,0,0,0,0,0,0,0,0,0,0,6,0,0,2,0,0,0,0,0,15,0,0,0,0,4,0,0,0,0,0,159.5,0,0,0,0,0,0,0
"238",65,200,24,0,0,0,0,0,0,0,0,0,0,0,0,0,0,0,1,0,0,1,0,0,0,0,1,4,0,0,0,0,0,0,0,0,0,0,60,0,0,0,0,0,0,0
"239",1,10,73,0,0,0,0,0,0,3,0,0,3,0,0,2,0,0,0,0,0,0,0,0,0,0,0,594,0,0,4,0,3,0,0,0,0,3,0,0,0,0,0,0,0,0
"240",0,4,64,0,0,0,0,0,0,0,0,31,24,0,0,0,0,0,0,0,0,0,0,0,0,0,0,369,0,0,1,0,0,0,0,1,0,11,0,0,0,1,0,0,0,0
"241",46,68,39.5,0,0,0,0,0,0,0,1,0,1,0,0,0,0,0,0,0,0,0,0,0,0,0,1,28,0,0,0,0,0,2,0,2,0,0,110,0,0,0,0,0,0,0
"242",0,2,70,0,0,0,0,0,0,0,0,148,19,0,0,0,0,0,0,0,0,0,0,0,0,0,0,276,0,0,2,0,0,0,0,1,0,13,0,0,0,0,0,0,0,0
"243",0,1,82,0,2,0,0,0,0,0,0,6,2,0,0,3,0,0,0,0,0,0,0,0,0,0,0,311,0,0,0,0,0,0,0,0,0,3,0,0,0,0,0,0,0,1
"244",0,0,162,0,0,0,0,0,0,0,0,81,0,0,0,0,0,0,0,0,0,0,0,0,0,0,0,329,0,0,2,0,0,0,0,1,0,1,0,0,0,0,0,0,0,0
"245",0,34,1,0,0,0,0,0,1,4,0,66,0,0,0,0,0,0,0,1,0,0,0,0,0,1,0,231,0,0,41,0,0,0,1,13,0,10,0,0,0,0,0,0,0,0
"246",1,6,125,0,0,0,0,0,1,3,0,29,14,0,0,0,0,0,0,1,0,13,0,0,0,1,0,215,0,0,12,0,0,0,0,8,0,3,0,0,0,0,0,0,0,2
"247",0,1,45,0,0,0,0,0,0,0,0,35,0,0,0,3,0,0,0,0,0,0,0,0,0,0,0,540,0,0,1,0,0,1,0,3,0,0,0,0,0,0,0,0,0,0
"248",13,27,0,0,1,0,0,0,0,0,0,37,90,0,0,0,0,0,0,0,0,0,0,0,0,0,0,294,1,0,21,0,1,1,1,1,0,3,0,1,0,0,0,0,0,1
"249",0,2,17,0,0,0,0,0,0,0,0,8,0,0,0,0,0,0,0,0,0,0,0,0,0,0,0,374,0,0,1,0,0,0,0,0,0,0,0,0,0,0,0,0,0,0
"250",0,1,64,0,0,0,0,0,3,0,1,52,73,0,0,1,0,0,0,0,0,2,0,0,0,0,1,276,2,0,16,0,0,6,0,2,0,43,0,0,0,0,0,0,0,0
"251",0,0,36,0,0,0,0,0,0,0,0,21,6,0,0,1,0,0,0,0,0,0,0,0,0,0,0,485,0,0,5,0,0,0,0,0,0,3,0,0,0,0,0,0,0,0
"252",0,14,18,0,0,0,0,0,0,3,0,52,6,0,0,0,0,0,0,0,0,0,0,0,0,0,0,289,0,0,10,0,0,0,1,14,0,4,0,1,0,0,0,0,0,0
"253",0,24,55,0,0,0,0,0,0,0,0,14,15,0,0,0,0,0,0,0,0,0,0,0,0,0,0,577,0,0,28,0,0,0,0,1,0,3,0,0,0,0,0,0,0,0
"254",0,99,0,0,4,0,0,0,0,89,0,59,15,0,0,0,0,2,0,0,0,0,0,0,0,0,0,63,0,0,26,0,4,7,1,6,0,0,0,35,0,0,0,0,0,0
"255",0,0,23,0,0,0,0,0,0,0,0,0,10,0,0,0,0,0,0,0,0,0,0,0,0,0,0,958,0,0,0,0,0,0,0,0,0,2,0,0,0,0,0,0,0,0
"256",19,32,41.5,0,0,0,0,0,0,0,0,0,0,0,0,0,0,0,0,0,0,0,0,0,0,0,0,7,0,0,0,0,0,0,0,0,0,2,200.5,0,0,0,0,0,0,0
"257",0,3,418,0,0,0,0,0,0,2,0,157,0,0,0,5,0,0,0,0,0,0,0,0,6,0,0,144,0,0,32,0,0,0,0,23,0,4,5,0,0,0,0,0,0,0
"258",10,20.3,77,0,0,0,0,0,0,0,0,0,0,0,0,0,0,0,0,0,0,2,0,0,0,0,4,16,0,0,0,0,0,0,0,0,0,0,261,0,0,1,0,0,0,0
"259",0,43,2,0,0,0,0,0,0,19,0,160,303,0,0,0,0,0,0,0,0,0,0,0,0,0,0,136,0,0,19,0,5,3,0,5,0,17,5,0,0,0,0,0,0,1
"260",2,61,23,0,0,0,0,0,0,0,0,0,0,0,0,0,0,0,0,1,0,2,0,0,0,0,0,5,0,0,0,0,2,0,0,0,0,1,249.5,0,0,0,0,0,0,0
"261",13,89,38.5,0,0,0,0,0,0,0,0,0,0,0,0,0,0,0,0,0,0,1,0,0,0,0,0,2.5,0,0,0,0,0,0,0,2,0,2,158.5,0,0,0,0,0,0,0
"262",0,9,16,0,1,0,0,0,0,0,0,52,64,2,0,0,0,0,0,3,0,0,0,0,0,2,0,262,0,0,25,0,5,0,3,25,0,10,0,0,0,0,0,0,0,1
"263",0,3,165,0,0,0,0,0,0,0,0,61,12,0,0,0,0,0,0,0,0,0,0,0,0,0,0,224,0,0,0,0,0,0,0,0,0,0,0,0,0,0,0,0,0,0
"264",33,88,49,0,0,0,0,0,1,0,0,0,0,0,0,0,0,0,0,0,0,0,0,0,0,0,0,46.5,0,0,0,0,0,0,0,0,0,1,113.5,0,0,0,0,0,0,0
"265",0,1,52,0,0,0,0,0,0,0,0,7,8,0,0,0,0,0,0,0,0,0,0,0,0,0,0,474,0,0,0,0,1,0,0,0,0,4,0,0,0,0,0,0,0,1
"266",11,73,36,0,0,0,0,0,0,0,0,0,0,0,0,0,0,0,1,0,0,1,0,0,0,0,0,13,0,0,0,0,0,0,0,1,0,0,174.5,0,0,0,0,0,0,0
"267",0,4,204,0,0,0,0,0,0,1,0,19,13,0,0,7,0,0,0,0,0,0,0,0,0,0,0,313,0,0,14,0,0,0,0,0,0,0,0,0,0,0,0,0,0,0
"268",0,8,97,0,0,1,0,0,0,1,0,6,8,0,0,1,0,0,0,7,0,0,0,0,0,0,0,244,0,0,10,0,3,0,4,10,0,1,2,1,0,0,0,0,0,0
"269",0,0,2,0,0,0,0,0,0,0,0,2,2,0,0,0,0,0,0,0,0,0,0,0,0,0,0,94,0,0,0,0,0,0,0,0,0,0,0,0,0,0,0,0,0,0
"270",0,2,7,0,0,0,0,0,0,0,0,9,0,0,0,0,0,0,0,0,0,0,0,0,0,0,0,329,0,0,0,0,0,0,0,2,0,0,0,0,0,0,0,0,0,0
"271",42,48,49,0,0,0,0,0,1,0,0,0,0,0,0,0,0,0,3,0,0,0,0,0,0,0,0,59.5,0,0,0,0,0,0,0,1,0,0,171,0,0,1,0,0,0,0
"272",74,67,26,0,0,0,0,0,0,0,0,0,0,0,0,0,0,0,0,0,0,0,0,0,0,0,0,7.5,0,0,0,0,0,3,0,0,0,3,129,0,0,0,0,0,0,0
"273",1,0,27,0,0,0,0,0,0,0,0,30,7,0,0,1,0,0,0,0,0,0,0,0,13,0,0,428.5,0,0,3,0,0,0,0,2,0,0,0,0,0,0,1,0,0,0
"274",0,3,15,0,0,0,0,0,0,0,0,13,0,0,0,0,0,0,0,0,0,0,0,0,0,1,0,363,0,0,2,0,0,0,0,4,0,0,0,0,0,0,0,0,0,0
"275",22,46,142.5,0,0,0,0,0,0,0,0,0,0,0,0,0,0,0,4,0,0,1,0,0,0,0,0,31,0,0,0,0,3,0,0,0,0,2,86.5,0,0,1,0,0,0,0
"276",0,0,27.9,0,0,0,0,0,0,0,0,0,0,0,0,0.36,0,0,0,0,0,0,0,0,0,0,0,71.08,0,0,0,0,0,0,0,0,0,0,0,0,0,0,0,0,0,0
"277",2,0,3,0,0,0,0,2,0,0,0,97,0,0,0,9,0,0,0,0,0,0,0,0,0,0,0,194,0,0,1,0,0,0,0,0,0,1,0,0,0,0,1,0,0,0
"278",0,0,90,0,0,0,0,0,0,0,0,465,4,0,0,31,0,0,0,0,0,0,0,0,10,0,0,467,0,0,2,0,0,0,0,0,0,0,0,0,0,0,0,0,0,0
"279",0,1,8,0,0,0,0,0,0,1,1,2,0,0,0,0,0,0,0,0,0,0,0,0,0,0,0,378,0,0,4,0,1,0,0,0,0,0,2,0,0,0,0,0,0,2
"280",0,4,189,3,0,0,0,0,0,0,0,34,0,0,0,10,0,0,0,0,0,0,0,0,0,0,0,364,0,0,1,0,0,0,0,7,0,0,0,0,0,0,0,0,0,0
"281",0,2.7,1.3,0,0,0,0,0,0.2,0,0,0,4.3,0,0,8.8,0,0,0,0,0,0,0,0,0,0,0.2,80.8,0,0,0.9,0,0,0,0,0.7,0,0,0,0,0,0,0,0,0,0
"282",0,0,56,0,0,0,0,0,0,0,0,10,27,0,0,3,0,0,0,0,0,0,0,0,0,0,1,859,0,0,0,0,0,0,0,0,0,4,0,0,0,0,0,0,0,0
"283",0,0,29,0,0,0,0,0,0,0,0,178,14,0,0,11,0,0,0,0,0,5,0,0,0,0,0,233,0,0,1,0,0,1,0,0,0,0,0,0,0,0,0,0,0,0
"284",0,3,47,0,0,0,0,0,0,0,0,160,14,0,0,31,0,0,0,0,0,0,0,0,0,0,0,333,0,0,3,0,0,0,0,4,0,0,0,0,0,0,0,0,0,0
"285",0,4,60,0,0,0,0,0,0,2,0,0,0,0,0,2,0,0,0,2,0,0,0,0,0,0,0,24,2,0,2,0,0,0,0,0,0,0,0,0,0,0,0,0,0,0
"286",1,5,63,0,0,0,0,0,0,1,0,0,0,0,0,1,0,0,0,1,0,0,0,0,0,0,0,12,1,0,1,0,1,0,0,0,0,1,0,0,0,0,0,0,0,1
"287",2,4,60,0,0,0,0,0,0,2,0,2,2,0,0,2,0,0,0,0,0,0,0,0,0,0,0,17,0,0,2,0,0,0,0,0,0,0,0,0,0,0,0,0,0,2
"288",0,1,138,0,0,0,0,0,0,0,0,56,0,0,0,2,0,0,0,0,0,0,0,0,0,0,0,309,0,0,3,0,0,1,0,3,0,0,0,0,0,0,0,0,0,0
"289",0,0,46,0,0,0,0,0,0,0,0,29,0,0,0,9,0,0,0,0,0,0,0,0,0,0,0,502,0,0,2,0,0,3,0,3,0,0,0,0,0,0,0,0,0,0
"290",0,0,24,1,0,0,0,0,0,0,0,8,0,0,0,0,0,0,0,0,0,0,0,0,0,0,0,433,0,0,0,0,0,0,0,0,0,0,0,0,0,0,0,0,0,0
"291",2,3,269,0,0,0,0,0,0,1,1,7,6,0,0,1,0,0,0,0,0,0,0,0,0,0,0,102,0,0,11,0,0,0,0,3,0,65,3,0,0,0,0,0,0,0
"292",9,72,106.5,0,0,0,0,0,0,0,0,0,0,0,0,0,0,0,2,0,0,1,0,0,0,0,0,34.5,0,0,0,0,2,0,0,0,0,3,114,0,0,0,0,0,0,0
"293",0,33,8,0,1,0,0,0,0,2,0,27,9,0,0,0,0,0,0,0,0,0,0,0,0,0,0,305,0,0,10,0,2,1,4,6,0,75,1,0,0,0,0,0,0,1
"294",1,0,39,0,0,0,0,0,0,0,1,346,3,0,0,8,0,0,0,0,0,0,0,0,0,0,0,174,0,0,0,0,0,1,0,0,0,0,0,0,0,0,0,0,0,0
"295",0,0,43,0,0,0,0,0,0,0,0,44,7,0,0,0,0,0,0,0,0,0,0,0,0,0,0,470,0,0,1,0,0,0,0,1,0,2,0,0,0,0,0,0,0,0
"296",0,16,167,0,0,0,0,0,0,1,0,2,27,0,0,0,0,0,0,0,0,0,0,0,0,0,0,328,0,0,1,0,0,4,0,0,0,2,0,1,0,0,0,0,0,0
"297",0,0,21,0,0,0,0,0,0,0,0,0,48,0,0,1,0,0,0,0,0,0,0,0,0,0,0,23,0,0,0,0,0,0,0,0,0,0,0,0,0,0,0,0,0,0
"298",0,2,47,0,0,0,0,0,0,0,0,0,0,0,0,0,0,0,0,0,0,0,0,0,0,0,0,47,0,0,3,0,0,0,0,0,0,0,0,0,0,0,0,0,0,0
"299",0,0,42,0,0,0,0,0,0,0,0,1,0,0,0,0,0,0,0,1,0,0,0,0,0,0,0,1,0,0,55,0,0,0,0,0,0,0,0,0,0,0,0,0,0,0
"300",0,3,23,0,0,0,0,0,0,0,0,0,50,0,0,3,0,0,0,0,0,0,0,0,0,0,0,15,0,0,0,0,0,0,0,0,0,3,0,0,0,0,0,0,0,0
"301",73,105,10,0,0,0,0,0,0,0,0,0,0,0,0,0,0,0,1,0,0,0,0,0,0,0,0,2,0,0,0,0,1,0,1,2,0,0,143.5,0,0,0,0,0,0,0
"302",60,67,11,0,1,0,0,0,0,0,0,0,1,0,0,0,0,0,0,0,0,1,0,0,0,0,0,6.5,0,0,0,0,0,1,0,0,0,0,82.5,0,0,0,0,0,0,0
"303",0,8,4,0,0,0,0,0,0,0,0,0,0,0,0,0,0,0,0,0,0,0,0,0,0,0,0,381,0,0,4,0,0,0,0,0,0,0,1,0,0,0,0,0,0,0
"304",0,6,203,0,4,0,0,0,0,1,0,81,0,0,0,0,0,0,0,5,0,0,0,1,0,92,0,82,0,0,12,0,0,0,1,1,0,10,0,0,0,0,0,0,0,0
"305",0,10,173,1,0,0,0,0,0,0,0,0,0,0,0,63,0,0,0,0,0,0,0,0,0,0,0,114,0,0,1,0,0,0,0,20,0,30,0,0,0,0,0,0,0,0
"306",0,48,2,0,0,0,0,0,0,44,0,77,55,0,0,0,0,0,0,2,0,0,0,0,0,1,0,178,0,0,23,0,2,0,1,1,0,6,1,23,0,0,0,0,0,0
"307",0,0.8,0.8,0,0,0,0,0,0,0,0,0.2,1.7,0,0,0.7,0,0,0,0,0,0,0,0,0,0,0,94.8,0,0,0.7,0,0,0,0,0.3,0,0,0,0,0,0,0,0,0,0
"308",0,16,19,0,0,0,0,0,0,5,0,47,9,0,0,0,0,0,0,0,0,0,0,0,0,0,0,285,0,0,20,0,0,2,0,7,0,0,0,0,0,0,0,0,0,1
"309",103,79,21,0,2,0,0,0,0,1,0,0,0,0,0,0,0,0,0,0,0,0,0,0,0,0,0,21,0,0,0,0,1,0,0,1,0,0,135,0,0,0,0,0,0,0
"310",17,139,40,0,2,0,0,0,0,0,0,0,0,0,0,0,0,0,0,0,0,1,0,0,0,0,0,14.5,1,0,0,0,0,0,0,0,0,1,169.5,0,0,0,0,0,0,0
"311",0,0,200,0,0,0,0,0,0,1,0,44,2,0,0,1,0,0,0,0,0,0,0,0,1,0,0,187,0,0,1,0,0,0,0,2,0,2,1,0,0,0,0,0,0,0
"312",0,19,18,0,0,0,0,0,0,5,0,1,14,0,0,0,0,0,0,0,0,0,0,0,0,0,0,313,0,0,13,0,0,0,0,0,0,25,0,1,0,0,0,0,0,0
"313",0,1,57,0,0,0,0,0,0,0,0,69,0,1,0,0,0,0,0,0,0,0,0,0,7,0,0,152,0,0,1,0,0,0,0,0,0,0,0,0,0,0,0,0,0,0
"314",0,0,18,0,0,0,0,0,1,0,0,305,4,0,0,1,0,0,0,0,0,0,0,0,0,0,0,289,0,0,0,0,0,0,0,0,0,0,0,0,0,0,0,0,0,0
"315",0,1,53,2,0,0,0,0,0,0,0,9,0,0,0,19,0,0,0,0,0,0,0,0,0,0,0,35,0,0,3,0,0,0,0,8,0,4,0,0,0,0,0,0,0,0
"316",74,89,17.5,0,1,0,0,2,0,0,0,0,0,0,0,0,0,0,8,0,0,4,0,0,0,0,0,17.5,0,0,0,1,0,0,0,4,0,0,66.5,0,0,0,0,0,0,0
"317",0,0,123,0,0,0,0,0,0,0,0,17,1,0,0,0,0,0,0,0,0,0,0,0,0,0,0,158,0,0,4,0,0,0,0,3,0,0,0,0,0,0,0,0,0,0
"318",0,0,30,0,0,0,0,0,2,0,1,403,11,0,0,7,0,0,0,0,0,0,0,0,0,0,0,78,0,0,2,0,0,0,0,2,0,0,0,0,0,0,0,0,0,0
"319",0,16,8,0,0,0,0,0,0,3,0,7,26,0,0,0,0,0,0,0,1,0,0,0,0,0,0,342,0,0,5,0,11,0,1,3,0,26,1,0,0,0,0,0,0,2
"320",0,2,53,0,0,0,0,0,0,0,0,4,0,0,0,0,0,0,0,0,0,0,0,0,0,0,0,513,0,0,1,0,0,0,0,1,0,2,0,0,0,0,0,0,0,0
"321",0,1,24,0,0,0,0,0,0,0,0,409,0,0,0,1,0,0,0,0,0,0,0,0,0,0,0,212,0,0,1,0,0,0,0,0,0,0,0,0,0,0,0,0,0,0
"322",2,6,73,0,0,0,0,0,0,2,0,0,0,0,0,0,0,0,0,0,0,0,0,0,0,0,0,10,2,0,2,0,0,0,0,0,0,2,0,0,0,0,0,0,0,2
"323",0,2,64,0,0,0,0,0,0,2,0,2,0,0,0,2,0,0,0,0,0,0,0,0,0,0,0,18,2,0,2,0,0,0,0,0,0,2,0,0,0,0,0,0,0,0
"324",0,2,7,0,0,0,0,0,0,0,0,5,8,0,0,0,0,0,0,0,0,0,0,0,0,0,0,165,0,0,0,0,0,0,0,0,0,5,0,0,0,0,0,0,0,0
"325",0,0,15,0,0,0,0,0,1,0,0,54,0,0,0,3,0,0,0,0,0,0,0,0,0,0,0,220,0,0,1,0,0,0,0,0,0,0,0,0,0,0,0,0,0,0
"326",0,0,20.9,0,0,0,0,0,0,0,0,25.1,2.1,0,0,0,0,0,0,1.2,0,0,0,0,0.8,0,0,38.6,0.8,0,2.5,0,0,0,0,1.4,0,0.4,0,0,0,0,0,0,0,0
"327",0,6,47,0,0,0,0,0,0,0,0,1,146,0,0,3,0,0,0,0,0,0,0,0,0,0,4,128,0,0,14,0,1,2,0,0,0,42,0,0,0,0,0,0,0,0
"328",0,0,28,0,0,0,0,0,0,0,0,12,6,0,0,0,0,0,0,0,0,0,0,0,0,0,0,507,0,0,2,0,0,0,0,0,0,0,0,0,0,0,0,0,0,0
"329",22,55,50,0,0,0,0,0,0,0,0,0,0,0,0,0,0,0,5,0,0,0,0,0,0,0,0,4,0,0,0,0,2,0,0,0,0,0,145.5,0,0,0,0,0,0,0
"330",0,2,334,0,0,0,0,0,0,1,0,11,0,0,0,0,0,0,0,1,0,0,0,0,0,9,0,34,0,0,6,0,0,0,4,1,0,10,3,0,0,0,0,0,0,0
"331",0,5,10,0,0,0,0,0,0,7,0,9,21,0,0,0,0,0,0,0,0,0,0,0,0,0,0,292,0,0,9,0,0,0,0,0,0,0,0,0,0,0,0,0,0,0
"332",2,94,2,0,12,0,0,0,0,15,0,120,82,0,0,0,0,0,0,0,0,0,0,0,0,0,0,99,0,0,47,0,6,19,0,0,0,10,0,1,0,0,0,0,0,0
"333",67,48,34,0,0,0,0,0,0,0,0,0,0,0,0,0,0,0,0,0,0,2,0,0,0,0,0,14,1,0,0,0,0,0,0,0,0,0,189.5,0,0,0,0,0,0,0
"334",0,0,44,0,0,0,0,0,0,0,0,13,18,0,0,0,0,0,0,0,0,0,0,0,0,0,0,479,0,0,1,0,0,0,0,0,0,6,0,0,0,1,0,0,0,0
"335",0,23,0,0,0,0,0,0,0,2,0,70,6,0,0,0,0,0,0,1,0,0,0,0,0,1,0,290,0,0,11,0,0,0,0,2,0,3,0,0,0,0,0,0,0,0
"336",0,0,26.8,0,0,0,0,0,0,0,0,45.3,0.2,0,0,0,0,0,0,0.4,0,0,0,0,0.2,0,0,21.3,0.2,0,1.4,0,0,0,0,1.1,0,0.5,0.9,0,0,0,0,0,0,0
"337",0,6,101,0,0,0,0,0,0,0,0,8,6,0,0,2,0,0,0,1,0,0,0,0,0,1,0,271,1,0,6,0,1,0,1,2,0,2,2,0,0,0,0,0,0,0
"338",0,1.4,1.8,0,0,0,0,0,0.3,0,0,0.3,1.4,0,0,0.7,0,0,0,0,0,0,0,0,0,0,0,92.8,0,0,0.8,0,0,0,0,0.3,0,0,0,0,0,0,0,0,0,0
"339",0,2,85,0,0,0,0,0,0,0,0,16,11,0,0,1,0,0,0,0,0,0,0,0,0,0,0,432,0,0,4,0,0,8,0,0,0,5,0,0,0,1,0,0,0,0
"340",0,1,24,0,0,0,0,0,0,0,0,5,0,0,0,4,0,0,0,0,0,0,0,0,0,0,0,395,0,0,3,0,0,0,0,5,0,6,0,0,0,0,0,0,0,0
"341",0,0,177,0,0,0,0,0,0,0,0,2,4,0,0,4,0,0,0,0,0,0,0,0,0,0,0,224,0,0,2,0,0,0,0,0,0,1,0,0,0,0,0,0,0,0
"342",0,0,248,0,0,0,0,0,0,0,0,20,0,0,0,6,0,0,0,0,0,0,0,0,0,0,0,86,0,0,0,0,0,0,0,11,0,0,0,0,0,0,0,0,0,5
"343",0,2,177,0,0,0,0,0,0,0,0,115,0,0,0,5,0,0,0,4,0,0,0,0,0,2,0,164,0,0,12,0,0,0,0,4,0,7,2,0,0,0,0,0,0,0
"344",1,0,51,0,0,0,0,0,0,0,0,325,16,0,0,1,0,0,0,0,0,0,0,0,0,0,0,103,0,0,4,0,0,0,0,0,0,3,0,0,0,0,0,0,0,0
"345",0,3,27,0,0,0,0,0,0,0,0,24,0,0,0,3,0,0,0,0,0,0,0,0,0,0,0,222,0,0,12,0,0,1,0,3,0,0,0,0,0,0,0,0,0,0
"346",25,48,38.5,0,0,0,0,0,0,0,0,0,0,0,0,0,0,0,0,1,0,1,0,0,0,0,0,9,0,0,0,0,1,0,0,1,0,1,200,0,0,0,0,0,0,0
"347",11,30,70,0,0,0,0,0,0,0,0,0,0,0,0,0,0,0,0,0,0,0,0,0,0,0,0,8,0,0,0,0,1,0,0,0,0,1,129.5,0,0,0,0,0,0,0
"348",113,125,8.5,5,0,0,0,0,0,0,2,0,0,0,0,0,0,0,0,0,0,2,0,0,0,0,0,23.5,0,0,0,0,0,2,0,2,0,0,193,0,0,0,0,0,0,0
"349",0,0,166,0,0,0,0,0,1,0,0,64,13,0,0,1,0,0,0,0,0,0,0,0,0,0,0,240,0,0,0,0,1,0,0,1,0,3,0,0,0,8,0,1,0,0
"350",0,5,31,0,0,0,0,0,0,0,0,3,1,0,0,0,0,0,0,0,0,0,0,0,0,0,0,578,0,0,0,0,0,0,0,0,1,1,0,0,0,0,1,0,0,0
"351",0,10,7,0,0,0,0,0,0,1,0,1,0,0,0,0,0,0,0,0,0,0,0,0,0,0,0,375,0,0,2,0,0,0,0,0,0,0,2,0,0,0,0,0,0,0
"352",0,7,6,0,0,0,0,0,0,0,0,2,0,0,0,0,0,0,0,0,0,0,0,0,0,0,0,377,0,0,4,0,0,0,0,3,0,1,1,0,0,0,0,0,0,0
"353",0,1,67,0,0,0,0,0,0,0,0,102,8,0,0,8,0,0,0,0,0,0,0,0,0,0,0,414,0,0,16,0,0,4,0,4,0,0,0,0,0,0,0,0,0,0
"354",0,5,62,0,0,0,0,0,1,0,0,31,27,0,0,8,0,0,0,0,0,0,0,0,0,0,0,391,0,0,15,0,0,1,0,0,0,0,0,0,0,0,0,0,0,0
"355",0,1.8,0.7,0.2,0,0,0,0,0.4,0,0,0.2,5.9,0,0,0.5,0,0,0,0,0,0,0,0,0,0,0,88.7,0,0,0.4,0,0,0,0,0.7,0,0,0,0,0,0,0,0,0,0
"356",0,0,166,0,0,0,0,0,0,0,0,14,6,0,0,0,0,0,0,0,0,0,0,0,0,0,0,348,1,0,0,0,0,0,0,0,0,6,0,0,0,0,1,0,0,0
"357",76,51,28,0,0,0,0,3,0,0,1,0,0,0,0,0,0,0,0,0,0,1,0,0,0,0,0,12.5,0,0,0,0,0,0,0,0,0,11,86,0,0,0,0,0,0,0
"358",0,72,30,0,0,0,0,0,0,30,0,0,20,0,0,0,0,0,0,0,0,0,0,0,0,0,0,806,0,0,30,0,0,0,0,0,0,0,0,0,0,0,0,0,0,0
"359",0,1,80,0,0,0,0,0,0,0,0,1,0,0,0,0,0,0,0,0,0,0,0,0,0,0,0,3,0,0,15,0,0,0,0,0,0,0,0,0,0,0,0,0,0,0
"360",0,40,70,0,0,0,0,0,0,10,0,30,0,0,0,0,0,0,0,0,0,0,0,0,0,0,0,835,0,0,10,0,0,0,0,0,0,0,0,0,0,0,0,0,0,0
"361",0,2,80,0,0,0,0,0,0,0,0,0,0,0,0,0,0,0,0,0,0,0,0,0,0,0,0,11,0,0,5,0,0,0,0,0,0,0,0,0,0,0,0,0,0,0
"362",0,40,40,0,0,0,0,0,0,10,0,0,5,0,0,0,0,0,0,0,0,0,0,0,0,0,0,810,0,0,30,0,0,0,0,0,0,0,0,0,0,0,0,0,0,0
"363",0,1,45,0,0,0,0,0,0,1,0,0,1,0,0,0,0,0,0,1,0,0,0,0,0,0,0,36,0,0,15,0,0,0,0,0,0,0,0,0,0,0,0,0,0,0
"364",0,2,83,0,0,0,0,0,0,1,0,1,0,0,0,0,0,0,0,1,0,0,0,0,0,0,0,4,0,0,8,0,0,0,0,0,0,0,0,0,0,0,0,0,0,0
"365",0,30,65,0,0,0,0,0,0,20,0,0,0,0,0,0,0,0,0,0,0,0,0,0,0,0,0,815,0,0,50,0,0,0,0,0,0,0,0,0,0,0,0,0,0,0
"366",0,10,100,0,0,0,0,0,0,10,0,0,5,0,0,5,0,0,0,0,0,0,0,0,0,0,0,850,0,0,20,0,0,0,0,0,0,0,0,0,0,0,0,0,0,0
"367",0,1,85,0,0,0,0,0,0,1,0,1,0,0,0,0,0,0,0,0,0,0,0,0,0,0,0,0,0,0,12,0,0,0,0,0,0,0,0,0,0,0,0,0,0,0
"368",0,1,90,0,0,0,0,0,0,0,0,1,0,0,0,0,0,0,0,0,0,0,0,0,0,0,0,2,0,0,5,0,0,0,0,0,0,0,0,0,0,0,0,0,0,0
"369",0,1,87,0,0,0,0,0,0,1,0,1,0,0,0,0,0,0,0,0,0,0,0,0,0,0,0,2,0,0,8,0,0,0,0,0,0,0,0,0,0,0,0,0,0,0
"370",0,105,90,0,0,0,0,0,0,5,0,5,30,0,0,0,0,0,0,0,0,0,0,0,0,0,0,590,0,0,100,0,0,0,0,0,0,0,0,0,0,0,0,0,0,0
"371",0,2,54,0,0,0,0,0,0,1,0,1,0,0,0,0,0,0,0,9,0,0,0,0,0,0,0,4,0,0,29,0,0,0,0,0,0,0,0,0,0,0,0,0,0,0
"372",0,15,90,0,0,0,0,0,0,2,0,0,3,0,0,0,0,0,0,0,0,0,0,0,0,0,0,863,0,0,20,0,0,0,0,0,0,0,0,0,0,0,0,0,0,0
"373",0,1,16,0,0,0,0,0,0,0,0,0,0,0,0,0,0,0,0,5,0,0,0,0,0,0,0,3,0,0,75,0,0,0,0,0,0,0,0,0,0,0,0,0,0,0
"374",0,22,40,0,0,0,0,0,0,10,0,0,2,0,0,0,0,0,0,0,0,0,0,0,0,0,0,856,0,0,30,0,0,0,0,0,0,0,0,0,0,0,0,0,0,0
"375",0,22,10,0,0,0,0,0,0,2,0,0,2,0,0,0,0,0,0,0,0,0,0,0,0,0,0,872,0,0,50,0,0,0,0,0,0,0,0,0,0,0,0,0,0,0
"376",0,2,38,0,0,0,0,0,0,0,0,2,0,0,0,0,0,0,0,10,0,0,0,0,0,0,0,12,0,0,35,0,0,0,0,0,0,0,0,0,0,0,0,0,0,0
"377",0,32,10,0,0,0,0,0,0,40,0,0,30,0,0,0,0,0,0,0,0,0,0,0,0,0,0,830,0,0,50,0,0,0,0,0,0,0,0,0,0,0,0,0,0,0
"378",0,1,37,0,0,0,0,0,0,0,0,1,0,0,0,0,0,0,0,3,0,0,0,0,0,0,0,1,0,0,57,0,0,0,0,0,0,0,0,0,0,0,0,0,0,0
"379",0,80,20,0,0,0,0,0,0,30,0,0,2,0,0,0,0,0,0,0,0,0,0,0,0,0,0,782,0,0,30,0,0,0,0,0,0,0,0,0,0,0,0,0,0,0
"380",0,3,48,0,0,0,0,0,0,0,0,2,0,0,0,0,0,0,0,12,0,0,0,0,0,0,0,4,0,0,30,0,0,0,0,0,0,0,0,0,0,0,0,0,0,0
"381",0,80,80,0,0,0,0,0,0,30,0,0,0,0,0,0,0,0,0,0,0,0,0,0,0,0,0,680,0,0,70,0,0,0,0,0,0,0,0,0,0,0,0,0,0,0
"382",0,1,12,0,0,0,0,0,0,0,0,1,0,0,0,0,0,0,0,5,0,0,0,0,0,0,0,3,0,0,78,0,0,0,0,0,0,0,0,0,0,0,0,0,0,0
"383",0,40,55,0,0,0,0,0,0,10,0,0,0,0,0,0,0,0,0,0,0,0,0,0,0,0,0,673,0,0,180,0,0,0,0,0,0,0,0,0,0,0,0,0,0,0
"384",0,1,30,0,0,0,0,0,0,1,0,1,0,0,0,0,0,0,0,2,0,0,0,0,0,0,0,13,0,0,52,0,0,0,0,0,0,0,0,0,0,0,0,0,0,0
"385",0,150,30,0,0,0,0,0,0,30,0,0,5,0,0,0,0,0,0,0,0,0,0,0,0,0,0,660,0,0,70,0,0,0,0,0,0,0,0,0,0,0,0,0,0,0
"386",0,2,74,0,0,0,0,0,0,1,0,0,0,0,0,0,0,0,0,2,0,0,0,0,0,0,0,3,0,0,14,0,0,0,0,0,0,0,0,0,0,0,0,0,0,0
"387",0,90,80,0,0,0,0,0,0,40,0,0,8,0,0,0,0,0,0,0,0,0,0,0,0,0,0,635,0,0,90,0,0,0,0,0,0,0,0,0,0,0,0,0,0,0
"388",0,0,77,0,0,0,0,0,0,1,0,0,0,0,0,0,0,0,0,1,0,0,0,0,0,0,0,2,0,0,18,0,0,0,0,0,0,0,0,0,0,0,0,0,0,0
"389",0,4,32,0,0,0,0,0,0,10,0,0,2,0,0,0,0,0,0,0,0,0,0,0,0,0,0,916,0,0,20,0,0,0,0,0,0,0,0,0,0,0,0,0,0,0
"390",0,1,74,0,0,0,0,0,0,1,0,2,0,0,0,0,0,0,0,0,0,0,0,0,0,0,0,2,0,0,20,0,0,0,0,0,0,0,0,0,0,0,0,0,0,0
"391",0,4,10,0,0,0,0,0,0,10,0,0,0,0,0,0,0,0,0,0,0,0,0,0,0,0,0,946,0,0,10,0,0,0,0,0,0,0,0,0,0,0,0,0,0,0
"392",0,2,71,0,0,0,0,0,0,1,0,3,0,0,0,0,0,0,0,1,0,0,0,0,0,0,0,6,0,0,12,0,0,0,0,0,0,0,0,0,0,0,0,0,0,0
"393",0,70,65,0,0,0,0,0,0,10,0,0,30,0,0,0,0,0,0,0,0,0,0,0,0,0,0,655,0,0,140,0,0,0,0,0,0,0,0,0,0,0,0,0,0,0
"394",0,1,62,0,0,0,0,0,0,0,0,0,0,0,0,0,0,0,0,0,0,0,0,0,0,0,0,32,0,0,5,0,0,0,0,0,0,0,0,0,0,0,0,0,0,0
"395",0,5,63,0,0,0,0,0,0,0,0,3,0,0,0,0,0,0,0,1,0,0,0,0,0,0,0,3,0,0,25,0,0,0,0,0,0,0,0,0,0,0,0,0,0,0
"396",0,80,140,0,0,0,0,0,0,20,0,0,4,0,0,0,0,0,0,0,0,0,0,0,0,0,0,710,0,0,30,0,0,0,0,0,0,0,0,0,0,0,0,0,0,0
"397",0,2,21,0,0,0,0,0,0,1,0,5,1,0,0,0,0,0,0,1,0,0,0,0,0,0,0,28,0,0,20,0,0,0,0,0,0,0,0,0,0,0,0,0,0,0
"398",0,45,40,0,0,0,0,0,0,15,0,0,5,0,0,5,0,0,0,0,0,0,0,0,0,0,0,860,0,0,5,0,0,0,0,0,0,0,0,0,0,0,0,0,0,0
"399",0,3,25,0,0,0,0,0,0,1,0,5,0,0,0,0,0,0,0,1,0,0,0,0,0,0,0,31,0,0,20,0,0,0,0,0,0,0,0,0,0,0,0,0,0,0
"400",0,30,20,0,0,0,0,0,0,0,0,0,9,0,0,9,0,0,0,0,0,0,0,0,0,0,0,886,0,0,10,0,0,0,0,0,0,0,0,0,0,0,0,0,0,0
"401",0,2,5,0,0,0,0,0,0,1,0,1,0,0,0,0,0,0,0,1,0,0,0,0,0,0,0,69,0,0,1,0,0,0,0,0,0,0,0,0,0,0,0,0,0,0
"402",0,45,100,0,0,0,0,0,0,10,0,0,5,0,0,5,0,0,0,0,0,0,0,0,0,0,0,730,0,0,80,0,0,0,0,0,0,0,0,0,0,0,0,0,0,0
"403",0,2,5,0,0,0,0,0,0,1,0,2,1,0,0,0,0,0,0,0,0,0,0,0,0,0,0,81,0,0,3,0,0,0,0,0,0,0,0,0,0,0,0,0,0,0
"404",0,16,33,0,0,0,0,0,0,3,0,0,0,0,0,0,0,0,0,0,0,0,0,0,0,0,0,940,0,0,3,0,0,0,0,0,0,0,0,0,0,0,0,0,0,0
"405",0,1,1,0,0,0,0,0,0,0,0,1,0,0,0,0,0,0,0,0,0,0,0,0,0,0,0,92,0,0,2,0,0,0,0,0,0,0,0,0,0,0,0,0,0,0
"406",0,2,2,0,0,0,0,0,0,1,0,3,0,0,0,0,0,0,0,0,0,0,0,0,0,0,0,88,0,0,1,0,0,0,0,0,0,0,0,0,0,0,0,0,0,0
"407",0,2,2,0,0,0,0,0,0,1,0,1,0,0,0,0,0,0,0,0,0,0,0,0,0,0,0,91,0,0,3,0,0,0,0,0,0,0,0,0,0,0,0,0,0,0
"408",0,2,1,0,0,0,0,0,0,1,0,2,0,0,0,0,0,0,0,0,0,0,0,0,0,0,0,91,0,0,1,0,0,0,0,0,0,0,0,0,0,0,0,0,0,0
"409",0,0,69,0,0,0,0,0,0,0,0,0,0,0,0,0,0,0,0,0,0,0,0,0,0,0,0,3,0,0,27,0,0,0,0,0,0,0,0,0,0,0,0,0,0,0
"410",0,30,20,0,0,0,0,0,0,20,0,0,0,0,0,0,0,0,0,0,0,0,0,0,0,0,0,875,0,0,20,0,0,0,0,0,0,0,0,0,0,0,0,0,0,0
"411",0,6,2,0,0,0,0,0,0,1,0,10,0,0,0,0,0,0,0,0,0,0,0,0,0,0,0,73,0,0,5,0,0,0,0,0,0,0,0,0,0,0,0,0,0,0
"412",0,5,1,0,0,0,0,0,0,1,0,30,0,0,0,0,0,0,0,0,0,0,0,0,0,0,0,49,0,0,10,0,0,0,0,0,0,0,0,0,0,0,0,0,0,0
"413",0,10,1,0,0,0,0,0,0,2,0,23,0,0,0,0,0,0,0,0,0,0,0,0,0,0,0,56,0,0,5,0,0,0,0,0,0,0,0,0,0,0,0,0,0,0
"414",0,91,75,0,0,0,0,0,0,32,0,0,75,0,0,0,0,0,0,0,0,0,0,0,0,0,0,641,0,0,108,0,0,0,0,0,0,0,0,0,0,0,0,0,0,0
"415",0,16,1,0,0,0,0,0,0,7,0,50,0,0,0,0,0,0,0,0,0,0,0,0,0,0,0,13,0,0,11,0,0,0,0,0,0,0,0,0,0,0,0,0,0,0
"416",0,15,1,0,0,0,0,0,0,5,0,45,0,0,0,0,0,0,0,0,0,0,0,0,0,0,0,27,0,0,5,0,0,0,0,0,0,0,0,0,0,0,0,0,0,0
"417",0,9,2,0,0,0,0,0,0,3,0,48,1,0,0,0,0,0,0,0,0,0,0,0,0,0,0,28,0,0,7,0,0,0,0,0,0,0,0,0,0,0,0,0,0,0
"418",0,13,3,0,0,0,0,0,0,5,0,50,0,0,0,0,0,0,0,0,0,0,0,0,0,0,0,17,0,0,11,0,0,0,0,0,0,0,0,0,0,0,0,0,0,0
"419",0,3,58,0,0,0,0,0,0,1,0,2,0,0,0,0,0,0,0,0,0,0,0,0,0,0,0,21,0,0,10,0,0,0,0,0,0,0,0,0,0,0,0,0,0,0
"420",0,3,35,0,0,0,0,0,0,1,0,1,0,0,0,0,0,0,0,0,0,0,0,0,0,0,0,35,0,0,5,0,0,0,0,0,0,0,0,0,0,0,0,0,0,0
"421",0,1,94,0,0,0,0,0,0,0,0,1,0,0,0,0,0,0,0,0,0,0,0,0,0,0,0,3,0,0,0,0,0,0,0,0,0,0,0,0,0,0,0,0,0,0
"422",0,80,65,0,0,0,0,0,0,65,0,0,30,0,0,0,0,0,0,0,0,0,0,0,0,0,0,670,0,0,80,0,0,0,0,0,0,0,0,0,0,0,0,0,0,0
"423",0,9,5,0,0,0,0,0,0,1,0,0,2,0,0,0,0,0,0,0,0,0,0,0,0,0,0,19,0,0,3,0,0,0,0,0,0,0,0,0,0,0,0,0,0,0
"424",0,29,26,0,0,0,0,0,0,1,0,1,0,0,0,0,0,0,0,0,0,0,0,0,0,0,0,30,0,0,5,0,0,0,0,0,0,0,0,0,0,0,0,0,0,0
"425",0,8,26,0,0,0,0,0,0,1,0,0,0,0,0,0,0,0,0,0,0,0,0,0,0,0,0,46,0,0,10,0,0,0,0,0,0,0,0,0,0,0,0,0,0,0
"426",0,4,20,0,0,0,0,0,0,1,0,1,34,0,0,0,0,0,0,0,0,0,0,0,0,0,0,28,0,0,5,0,0,0,0,0,0,0,0,0,0,0,0,0,0,0
"427",0,1,80,0,0,0,0,0,0,0,0,1,0,0,0,0,0,0,0,0,0,0,0,0,0,0,0,5,0,0,11,0,0,0,0,0,0,0,0,0,0,0,0,0,0,0
"428",0,15,0,0,0,0,0,0,0,5,0,0,10,0,0,0,0,0,0,0,0,0,0,0,0,0,0,840,0,0,100,0,0,0,0,0,0,0,0,0,0,0,0,0,0,0
"429",0,1,79,0,0,0,0,0,0,0,0,1,0,0,0,0,0,0,0,0,0,0,0,0,0,0,0,2,0,0,17,0,0,0,0,0,0,0,0,0,0,0,0,0,0,0
"430",0,94,55,0,0,0,0,0,0,40,0,20,100,0,0,0,0,0,0,0,0,0,0,0,0,0,0,670,0,0,20,0,0,0,0,0,0,0,0,0,0,0,0,0,0,0
"431",0,2,90,0,0,0,0,0,0,0,0,0,0,0,0,0,0,0,0,0,0,0,0,0,0,0,0,6,0,0,1,0,0,0,0,0,0,0,0,0,0,0,0,0,0,0
"432",0,90,50,0,0,0,0,0,0,30,0,3,0,0,0,0,0,0,0,0,0,0,0,0,0,0,0,775,0,0,0,0,0,0,0,0,0,0,0,0,0,0,0,0,0,0
"433",0,1,70,0,0,0,0,0,0,0,0,1,0,0,0,0,0,0,0,0,0,0,0,0,0,0,0,3,0,0,25,0,0,0,0,0,0,0,0,0,0,0,0,0,0,0
"434",0,1,109,0,0,0,0,0,0,0,0,52,8,0,0,0,0,0,0,0,0,0,0,0,0,0,0,314,0,0,2,0,0,0,0,0,0,0,0,0,0,0,0,0,0,0
"435",0,0,5,0,0,0,0,0,0,0,0,9,2,1,0,0,0,0,0,0,0,0,0,0,0,0,0,38,0,0,0,0,0,0,0,0,0,0,0,0,0,0,0,0,0,0
"436",0,4,58,0,0,0,0,0,0,3,0,101,17,0,0,0,0,0,0,3,1,0,0,0,0,1,0,206,0,0,9,0,1,0,2,7,0,4,4,0,0,0,0,0,0,0
"437",0,10,24,0,0,0,0,0,3,0,0,16,8,0,0,10,0,0,0,0,0,0,0,0,0,0,0,602,0,0,2,0,0,0,0,0,0,0,0,0,0,0,0,0,0,0
"438",3,20,2,0,3,0,0,0,0,4,0,26,13,0,0,0,0,0,0,0,0,0,0,0,0,0,0,321,0,0,4,0,0,0,3,13,0,4,0,1,0,0,0,0,0,0
"439",6,76,28.5,1,0,0,0,0,0,0,0,0,0,0,0,0,0,0,0,0,0,0,0,0,0,0,0,8,0,0,0,0,0,1,0,0,0,0,231,0,0,0,0,0,0,0
"440",1,2,105,0,0,0,0,0,0,0,0,0,0,0,0,0,0,0,0,0,0,0,0,0,2,0,0,219,0,0,3,0,0,0,0,7,0,7,0,0,0,2,0,0,0,0
"441",0,1,41,0,0,0,0,0,0,0,0,49,0,1,0,7,0,0,0,0,0,0,0,0,0,0,0,228,0,0,1,0,0,9,0,3,0,1,0,0,0,0,0,0,0,0
"442",0,10,42,0,0,0,0,0,0,0,0,2,2,0,0,0,0,0,0,0,0,0,0,0,0,0,0,270,0,0,2,0,0,1,0,2,0,5,0,0,0,0,0,0,0,0
"443",0,6,204,0,4,0,0,0,0,1,0,81,4,0,0,0,0,0,0,5,0,0,0,1,0,92,0,82,0,0,12,0,0,0,1,1,0,10,0,0,0,0,0,0,0,0
"444",0,434,28,0,0,0,0,0,0,17,0,0,0,0,0,0,0,0,0,0,0,0,0,0,0,0,0,350,0,0,106,0,0,0,0,0,0,0,0,0,0,0,0,0,0,0
"445",0,683,20,0,0,0,0,0,0,102,0,0,0,0,0,0,0,0,0,0,0,0,0,0,0,0,0,143,0,0,51,0,0,0,0,0,0,0,0,0,0,0,0,0,0,0
"446",0,513,16,0,0,0,0,0,0,110,0,0,5,0,0,0,0,0,0,0,0,0,0,0,0,0,0,297,0,0,52,0,0,0,0,0,0,0,0,0,0,0,0,0,0,0
"447",0,284,56,0,0,0,0,0,0,132,0,5,0,0,0,0,0,0,0,0,0,0,0,0,0,0,0,436,0,0,86,0,0,0,0,0,0,0,0,0,0,0,0,0,0,0
"448",0,91,10,0,0,0,0,0,0,56,0,0,0,0,0,0,0,0,0,0,0,0,0,0,0,0,0,709,0,0,117,0,0,0,0,0,0,0,0,0,0,0,0,0,0,0
"449",0,378,36,0,0,0,0,0,0,41,0,0,0,0,0,0,0,0,0,0,0,0,0,0,0,0,0,500,0,0,41,0,0,0,0,0,0,0,0,0,0,0,0,0,0,0
"450",0,374,35,0,0,0,0,0,0,20,0,0,0,0,0,0,0,0,0,0,0,0,0,0,0,0,0,439,0,0,131,0,0,0,0,0,0,0,0,0,0,0,0,0,0,0
"451",0,464,5,0,0,0,0,0,0,122,0,5,0,0,0,0,0,0,0,0,0,0,0,0,0,0,0,321,0,0,77,0,0,0,0,0,0,0,0,0,0,0,0,0,0,0
"452",0,355,26,0,0,0,0,0,0,177,0,5,10,0,0,0,0,0,0,0,0,0,0,0,0,0,0,339,0,0,73,0,0,0,0,0,0,0,0,0,0,0,0,0,0,0
"453",0,466,15,0,0,0,0,0,0,173,0,5,0,0,0,0,0,0,0,0,0,0,0,0,0,0,0,264,0,0,81,0,0,0,0,0,0,0,0,0,0,0,0,0,0,0
"454",0,368,0,0,0,0,0,0,0,20,0,0,0,0,0,0,0,0,0,0,0,0,0,0,0,0,0,586,0,0,25,0,0,0,0,0,0,0,0,0,0,0,0,0,0,0
"455",0,266,10,0,0,0,0,0,0,52,0,0,0,0,0,0,0,0,0,0,0,0,0,0,0,0,0,424,0,0,194,0,0,0,0,0,0,0,0,0,0,0,0,0,0,0
"456",0,540,0,0,0,0,0,0,0,81,0,0,0,0,0,0,0,0,0,0,0,0,0,0,0,0,0,323,0,0,56,0,0,0,0,0,0,0,0,0,0,0,0,0,0,0
"457",0,287,51,0,0,0,0,0,0,41,0,0,0,0,0,0,0,0,0,0,0,0,0,0,0,0,0,518,0,0,87,0,0,0,0,0,0,0,0,0,0,0,0,0,0,0
"458",0,648,15,0,0,0,0,0,0,80,0,0,0,0,0,0,0,0,0,0,0,0,0,0,0,0,0,206,0,0,50,0,0,0,0,0,0,0,0,0,0,0,0,0,0,0
"459",0,194,16,0,0,0,0,0,0,21,0,0,0,0,0,0,0,0,0,0,0,0,0,0,0,0,0,502,0,0,251,0,0,0,0,0,0,0,0,0,0,0,0,0,0,0
"460",0,688,15,0,0,0,0,0,0,46,0,0,0,0,0,0,0,0,0,0,0,0,0,0,0,0,0,153,0,0,92,0,0,0,0,0,0,0,0,0,0,0,0,0,0,0
"461",0,5,5,0,0,0,0,0,0,212,0,5,0,0,0,0,0,0,0,0,0,0,0,0,0,0,0,545,0,0,172,0,0,0,0,0,0,0,0,0,0,0,0,0,0,0
"462",0,437,51,0,0,0,0,0,0,71,0,5,5,0,0,0,0,0,0,0,0,0,0,0,0,0,0,299,0,0,132,0,0,0,0,0,0,0,0,0,0,0,0,0,0,0
"463",0,462,20,0,0,0,0,0,0,46,0,0,0,0,0,0,0,0,0,0,0,0,0,0,0,0,0,381,0,0,91,0,0,0,0,0,0,0,0,0,0,0,0,0,0,0
"464",0,798,35,0,0,0,0,0,0,10,0,0,0,0,0,0,0,0,0,0,0,0,0,0,0,0,0,81,0,0,76,0,0,0,0,0,0,0,0,0,0,0,0,0,0,0
"465",0,822,0,0,0,0,0,0,0,107,0,0,0,0,0,0,0,0,0,0,0,0,0,0,0,0,0,46,0,0,25,0,0,0,0,0,0,0,0,0,0,0,0,0,0,0
"466",0,319,42,0,0,0,0,0,0,94,0,0,5,0,0,0,0,0,0,0,0,0,0,0,0,0,0,330,0,0,194,0,0,0,0,0,0,0,0,0,0,0,0,0,0,0
"467",0,202,35,0,0,0,0,0,0,71,0,0,0,0,0,5,0,0,0,0,0,0,0,0,0,0,0,500,0,0,187,0,0,0,0,0,0,0,0,0,0,0,0,0,0,0
"468",0,494,5,0,0,0,0,0,0,167,0,0,0,0,0,0,0,0,0,0,0,0,0,0,0,0,0,224,0,0,109,0,0,0,0,0,0,0,0,0,0,0,0,0,0,0
"469",0,293,31,0,0,0,0,0,0,10,0,0,5,0,0,0,0,0,0,0,0,0,0,0,0,0,0,472,0,0,190,0,0,0,0,0,0,0,0,0,0,0,0,0,0,0
"470",0,707,10,0,0,0,0,0,0,15,0,0,0,0,0,0,0,0,0,0,0,0,0,0,0,0,0,200,0,0,67,0,0,0,0,0,0,0,0,0,0,0,0,0,0,0
"471",0,382,31,0,0,0,0,0,0,21,0,0,0,0,0,0,0,0,0,0,0,0,0,0,0,0,0,464,0,0,103,0,0,0,0,0,0,0,0,0,0,0,0,0,0,0
"472",0,746,30,0,0,0,0,0,0,41,0,0,0,0,0,0,0,0,0,0,0,0,0,0,0,0,0,173,0,0,10,0,0,0,0,0,0,0,0,0,0,0,0,0,0,0
"473",0,439,10,0,0,0,0,0,0,20,0,0,0,0,0,0,0,0,0,0,0,0,0,0,0,0,0,419,0,0,111,0,0,0,0,0,0,0,0,0,0,0,0,0,0,0
"474",0,194,5,0,0,0,0,0,0,26,0,0,0,0,0,0,0,0,0,0,0,0,0,0,0,0,0,520,0,0,245,0,0,0,0,0,0,0,0,0,0,0,0,0,0,0
"475",0,467,0,0,0,0,0,0,0,36,0,0,0,0,0,0,0,0,0,0,0,0,0,0,0,0,0,421,0,0,76,0,0,0,0,0,0,0,0,0,0,0,0,0,0,0
"476",0,200,10,0,0,0,0,0,0,55,0,0,0,0,0,0,0,0,0,0,0,0,0,0,0,0,0,625,0,0,110,0,0,0,0,0,0,0,0,0,0,0,0,0,0,0
"477",0,120,0,0,0,0,0,0,0,200,0,0,0,0,0,0,0,0,0,0,0,0,0,0,0,0,0,680,0,0,0,0,0,0,0,0,0,0,0,0,0,0,0,0,0,0
"478",0,315,15,0,0,0,0,0,0,41,0,0,0,0,0,0,0,0,0,0,0,0,0,0,0,0,0,538,0,0,91,0,0,0,0,0,0,0,0,0,0,0,0,0,0,0
"479",0,130,0,0,0,0,0,0,0,50,0,0,0,0,0,0,0,0,0,0,0,0,0,0,0,0,0,638,0,0,171,0,0,0,0,0,0,0,0,0,0,0,0,0,0,0
"480",0,457,30,0,0,0,0,0,0,20,0,0,0,0,0,0,0,0,0,0,0,0,0,0,0,0,0,352,0,0,141,0,0,0,0,0,0,0,0,0,0,0,0,0,0,0
"481",0,423,21,0,0,0,0,0,0,42,0,0,0,0,0,0,0,0,0,0,0,0,0,0,0,0,0,461,0,0,53,0,0,0,0,0,0,0,0,0,0,0,0,0,0,0
"482",0,505,75,0,0,0,0,0,0,20,0,0,0,0,0,0,0,0,0,0,0,0,0,0,0,0,0,195,0,0,205,0,0,0,0,0,0,0,0,0,0,0,0,0,0,0
"483",0,515,60,0,0,0,0,0,0,20,0,0,0,0,0,0,0,0,0,0,0,0,0,0,0,0,0,355,0,0,25,0,0,0,0,0,0,0,0,0,0,0,0,0,0,0
"484",0,605,15,0,0,0,0,0,0,105,0,0,0,0,0,0,0,0,0,0,0,0,0,0,0,0,0,240,0,0,35,0,0,0,0,0,0,0,0,0,0,0,0,0,0,0
"485",0,560,5,0,0,0,0,0,0,105,0,5,0,0,0,5,0,0,0,0,0,0,0,0,0,0,0,195,0,0,100,0,0,0,0,0,0,5,0,0,0,0,0,0,0,0
"486",0,298,20,0,0,0,0,0,0,61,0,0,0,0,0,0,0,0,0,0,0,0,0,0,0,0,0,505,0,0,101,0,0,0,0,0,0,0,0,0,0,0,0,0,0,0
"487",0,462,26,0,0,0,0,0,0,51,0,0,0,0,0,10,0,0,0,0,0,0,0,0,0,0,0,369,0,0,82,0,0,0,0,0,0,0,0,0,0,0,0,0,0,0
"488",0,565,21,0,0,0,0,0,0,51,0,0,5,0,0,0,0,0,0,0,0,0,0,0,0,0,0,292,0,0,62,0,0,0,0,0,0,0,0,0,0,0,0,0,0,0
"489",0,695,10,0,0,0,0,0,0,35,0,0,0,0,0,0,0,0,0,0,0,0,0,0,0,0,0,185,0,0,75,0,0,0,0,0,0,0,0,0,0,0,0,0,0,0
"490",0,860,10,0,0,0,0,0,0,20,0,0,0,0,0,0,0,0,0,0,0,0,0,0,0,0,0,90,0,0,20,0,0,0,0,0,0,0,0,0,0,0,0,0,0,0
"491",0,393,5,0,0,0,0,0,0,153,0,0,0,0,0,0,0,0,0,0,0,0,0,0,0,0,0,387,0,0,61,0,0,0,0,0,0,0,0,0,0,0,0,0,0,0
"492",0,410,41,0,0,0,0,0,0,215,0,0,0,0,0,0,0,0,0,0,0,0,0,0,0,0,0,185,0,0,149,0,0,0,0,0,0,0,0,0,0,0,0,0,0,0
"493",0,255,15,0,0,0,0,0,0,133,0,0,0,0,0,0,0,0,0,0,0,0,0,0,0,0,0,388,0,0,209,0,0,0,0,0,0,0,0,0,0,0,0,0,0,0
"494",0,415,50,0,0,0,0,0,0,165,0,0,0,0,0,0,0,0,0,0,0,0,0,0,0,0,0,240,0,0,85,0,0,0,0,0,0,0,0,0,0,0,0,0,0,0
"495",0,735,19,0,0,0,0,0,0,116,0,0,5,0,0,0,0,0,0,0,0,0,0,0,0,0,0,103,0,0,19,0,0,0,0,0,0,5,0,0,0,0,0,0,0,0
"496",0,687,5,0,0,0,0,0,0,151,0,0,0,0,0,0,0,0,0,0,0,0,0,0,0,0,0,125,0,0,30,0,0,0,0,0,0,0,0,0,0,0,0,0,0,0
"497",0,247,25,0,0,0,0,0,0,45,0,0,0,0,0,0,0,0,0,0,0,0,0,0,0,0,0,510,0,0,172,0,0,0,0,0,0,0,0,0,0,0,0,0,0,0
"498",0,474,20,0,0,0,0,0,0,96,0,0,0,0,0,0,0,0,0,0,0,0,0,0,0,0,0,242,0,0,167,0,0,0,0,0,0,0,0,0,0,0,0,0,0,0
"499",0,705,10,0,0,0,0,0,0,70,0,0,0,0,0,0,0,0,0,0,0,0,0,0,0,0,0,170,0,0,45,0,0,0,0,0,0,0,0,0,0,0,0,0,0,0
"500",0,713,10,0,0,0,0,0,0,113,0,0,0,0,0,0,0,0,0,0,0,0,0,0,0,0,0,87,0,0,77,0,0,0,0,0,0,0,0,0,0,0,0,0,0,0
"501",0,565,15,0,0,0,0,0,0,95,0,0,0,0,0,0,0,0,0,0,0,0,0,0,0,0,0,210,0,0,115,0,0,0,0,0,0,0,0,0,0,0,0,0,0,0
"502",0,539,26,0,0,0,0,0,0,173,0,0,10,0,0,0,0,0,0,0,0,0,0,0,0,0,0,176,0,0,58,0,0,0,0,0,0,0,0,0,0,0,0,0,0,0
"503",0,646,25,0,0,0,0,0,0,106,0,0,0,0,0,0,0,0,0,0,0,0,0,0,0,0,0,152,0,0,71,0,0,0,0,0,0,0,0,0,0,0,0,0,0,0
"504",0,676,25,0,0,0,0,0,0,146,0,0,0,0,0,0,0,0,0,0,0,0,0,0,0,0,0,121,0,0,30,0,0,0,0,0,0,0,0,0,0,0,0,0,0,0
"505",0,690,15,0,0,0,0,0,0,80,0,0,0,0,0,0,0,0,0,0,0,0,0,0,0,0,0,150,0,0,65,0,0,0,0,0,0,0,0,0,0,0,0,0,0,0
"506",0,296,36,0,0,0,0,0,0,51,0,0,0,0,0,0,0,0,0,0,0,0,0,0,0,0,0,428,0,0,189,0,0,0,0,0,0,0,0,0,0,0,0,0,0,0
"507",0,524,15,0,0,0,0,0,0,187,0,0,0,0,0,0,0,0,0,0,0,0,0,0,0,0,0,243,0,0,31,0,0,0,0,0,0,0,0,0,0,0,0,0,0,0
"508",0,440,15,0,0,0,0,0,0,180,0,0,0,0,0,0,0,0,0,0,0,0,0,0,0,0,0,250,0,0,115,0,0,0,0,0,0,0,0,0,0,0,0,0,0,0
"509",0,558,15,0,0,0,0,0,0,152,0,0,0,0,0,0,0,0,0,0,0,0,0,0,0,0,0,173,0,0,102,0,0,0,0,0,0,0,0,0,0,0,0,0,0,0
"510",0,397,41,0,0,0,0,0,0,129,0,0,0,0,0,0,0,0,0,0,0,0,0,0,0,0,0,350,0,0,82,0,0,0,0,0,0,0,0,0,0,0,0,0,0,0
"511",0,537,0,0,0,0,0,0,0,45,0,0,0,0,0,0,0,0,0,0,0,0,0,0,0,0,0,301,0,0,106,0,0,0,0,0,0,0,0,0,0,0,0,0,0,0
"512",0,599,15,0,0,0,0,0,0,244,0,5,0,0,0,0,0,0,0,0,0,0,0,0,0,0,0,101,0,0,36,0,0,0,0,0,0,0,0,0,0,0,0,0,0,0
"513",0,0,46,0,0,0,0,0,0,1,0,4,0,0,0,0,0,0,0,0,0,0,0,0,0,0,0,136,0,0,0,0,0,0,0,1,0,1,0,0,0,0,0,0,0,0
"514",0,107,2,0,3,0,0,0,0,26,0,44,45,0,0,0,0,0,0,0,0,0,1,0,0,0,2,184,0,0,23,0,4,1,0,2,0,0,0,0,0,0,0,0,0,0
"515",0,0,126,0,0,0,0,0,0,0,0,109,54,0,0,3,0,0,0,0,0,0,0,0,7,0,0,174,0,0,0,0,0,0,0,0,0,0,0,0,0,0,0,0,0,0
"516",20,75,28,0,0,0,0,0,0,0,1,0,0,0,0,0,0,0,2,0,0,2,0,0,0,0,2,15.5,0,0,0,0,0,0,0,1,0,2,141,0,0,0,0,0,0,0
"517",0,5,251,0,0,0,0,0,0,0,0,510,3,0,0,0,0,0,0,0,0,0,0,0,2,0,0,222,0,0,9,0,0,0,0,0,0,2,0,0,0,0,0,0,0,0
"518",0,0,146,0,0,0,0,0,0,0,0,44,10,0,0,2,0,0,0,0,0,0,0,0,0,0,0,331,0,0,3,0,0,0,0,17,0,5,0,0,0,0,0,0,0,0
"519",0,2,19,0,0,0,0,0,1,0,0,10,44,0,0,1,0,0,0,0,0,0,0,0,0,0,0,419,0,0,13,0,0,0,0,0,0,1,0,0,0,0,0,0,0,0
"520",0,10,278,0,0,0,0,0,0,0,0,2,14,0,0,7,0,0,0,0,0,0,0,0,2,0,0,194.5,0,0,3,0,0,0,0,1,0,6,0,0,0,0,0,0,0,0
"521",36,51,33.5,0,0,0,0,0,0,0,1,0,0,0,0,0,0,0,1,1,0,2,0,0,0,0,1,13,0,0,0,0,4,0,0,1,0,1,178,0,0,0,0,0,0,0
"522",23,356,24,0,0,0,0,0,0,0,1,0,0,0,0,0,0,0,0,0,0,3,0,0,0,0,1,5,0,0,0,0,0,0,0,6,0,0,50,0,0,0,0,0,0,0
"523",0,0,94,0,0,0,0,0,0,0,0,7,2,0,0,0,0,0,0,0,0,0,0,0,0,0,0,442,0,0,0,0,0,0,0,0,0,0,0,0,0,0,0,0,0,0
"524",2,24,35,0,0,0,0,0,15,0,0,15,32,0,0,36,0,0,0,0,0,0,0,0,0,0,0,585,0,0,12,0,0,1,0,1,0,0,0,0,0,1,0,0,0,0
"525",0,3,78,0,0,0,0,0,0,0,0,21,25,0,0,0,0,0,0,0,0,0,0,0,0,0,1,973,0,0,5,0,0,0,0,3,0,4,0,0,0,0,0,0,0,0
"526",0,1,71,0,0,0,0,0,0,1,0,2,3,0,0,0,0,0,0,0,0,0,0,0,0,0,0,444,0,0,8,0,0,0,0,0,0,3,0,0,0,0,0,0,0,0
"527",0,0,13,0,0,0,0,0,0,0,0,331,0,0,0,0,0,0,0,0,0,0,0,0,0,0,0,70,0,0,2,0,0,0,0,0,0,0,0,0,0,0,0,0,0,0
"528",0,2,41,0,0,0,0,0,0,0,0,13,5,0,0,0,0,0,0,0,0,0,0,0,0,0,0,460,0,0,3,0,0,0,0,8,0,4,0,0,0,0,0,0,0,0
"529",140,95,69.5,0,3,0,0,0,0,0,0,0,0,0,0,1,0,0,0,0,0,0,0,0,0,3,0,27.5,0,0,0,0,0,0,0,0,0,0,85,0,0,0,0,0,0,0
"530",0,6,134,0,0,0,0,0,0,0,0,60,12,0,0,0,0,0,0,0,0,0,0,0,1,0,0,293,1,0,10,0,0,0,0,0,0,11,0,0,0,0,0,0,0,0
"531",27,88,73,0,0,0,0,0,1,0,0,0,0,0,0,0,0,0,0,1,0,4,0,0,0,0,0,20,0,0,0,0,0,0,0,0,0,0,206,0,0,0,0,0,0,0
"532",9,37,45.5,0,0,0,0,0,0,0,0,0,0,0,0,0,0,0,1,0,0,2,0,0,0,0,0,27,0,0,0,0,6,0,0,1,0,0,296.5,0,0,0,0,0,0,0
"533",17,25,22,0,0,0,0,0,0,0,0,0,0,0,0,0,0,0,1,0,0,0,0,0,0,0,2,7.5,0,0,0,0,0,0,0,0,0,0,283,0,0,0,0,0,0,0
"534",67,58,29.5,0,0,0,0,0,0,0,1,0,0,0,0,0,0,0,1,0,0,0,0,0,0,0,0,10,0,0,0,0,0,0,0,1,0,0,116.5,0,1,0,0,0,0,0
"535",0,8,26,0,0,0,0,0,0,4,0,0,34,0,0,0,0,0,0,0,0,0,0,0,4,0,0,913,0,4,6,0,0,0,0,0,0,0,0,0,0,0,0,0,0,0
"536",0,1,51,0,0,0,0,0,1,0,0,60,6,0,0,1,0,0,0,0,0,0,0,0,0,0,0,181,0,0,3,0,0,0,0,2,0,0,0,0,0,0,0,0,0,0
"537",0,10,50,0,0,0,0,0,0,0,0,20,0,0,0,0,0,0,0,0,0,0,0,0,0,0,0,870,0,0,10,0,0,0,0,0,0,0,0,0,0,0,0,0,0,0
"538",0,0,60,0,0,0,0,0,0,10,0,30,10,0,0,0,0,0,0,0,0,0,0,0,0,0,0,840,0,0,10,0,0,0,0,0,0,0,0,0,0,0,0,0,0,0
"539",0,10,30,0,0,0,0,0,0,0,0,30,0,0,0,0,0,0,0,0,0,0,0,0,0,0,0,870,0,0,30,0,0,0,0,0,0,0,0,0,0,0,0,0,0,0
"540",0,10,90,0,0,0,0,0,0,10,0,20,0,0,0,0,0,0,0,0,0,0,0,0,0,0,0,810,0,0,30,0,0,0,0,0,0,0,0,0,0,0,0,0,0,0
"541",100,27,3.5,0,0,0,0,0,0,0,0,0,0,0,0,0,0,0,0,0,0,1,0,0,0,0,0,9,0,0,0,0,0,0,0,2,0,0,225,0,0,0,0,0,0,0
"542",0,6,258,0,0,0,0,0,0,0,0,2,33,1,0,0,0,0,0,0,0,0,0,0,0,0,0,131,0,0,3,0,0,1,0,0,0,22,0,0,0,2,0,0,0,0
"543",2,63,9,0,0,0,0,0,0,0,0,0,0,0,0,0,0,0,2,0,0,0,0,0,0,0,0,6,0,0,0,0,2,0,0,0,0,0,197.5,0,0,0,0,0,0,0
"544",10,85,98,0,0,0,0,0,0,0,0,0,0,0,0,0,0,0,6,0,0,1,0,0,0,0,0,91,0,0,0,0,5,0,0,0,0,2,197.5,0,0,0,0,0,0,0
"545",0,0,27,0,0,0,0,0,0,3,0,99,43,0,0,3,0,0,0,0,0,1,0,0,26,0,0,60,0,0,10,0,0,0,0,2,0,1,0,0,0,0,0,0,0,0
"546",9,30,28.5,0,0,0,0,0,0,0,0,0,0,0,0,0,0,0,0,0,0,0,0,0,0,0,0,3,0,0,0,0,0,0,0,0,0,0,279.5,0,0,0,0,0,0,0
